,t,discharge,dt,vol_input,acc_vol_input
1,10.0,0.229272991103,10.0,2.29272991103,2.29272991103
2,20.0,0.308578562891,10.0,3.08578562891,5.37851553995
3,30.0,0.367141463332,10.0,3.67141463332,9.04993017327
4,40.0,0.415315947238,10.0,4.15315947238,13.2030896456
5,50.0,0.456995022789,10.0,4.56995022789,17.7730398735
6,60.0,0.494135766222,10.0,4.94135766222,22.7143975358
7,70.0,0.527883115429,10.0,5.27883115429,27.9932286901
8,80.0,0.558973813391,10.0,5.58973813391,33.582966824
9,90.0,0.58791423032,10.0,5.8791423032,39.4621091272
10,100.0,0.615069689204,10.0,6.15069689204,45.6128060192
11,110.0,0.640713754975,10.0,6.40713754975,52.019943569
12,120.0,0.665057422945,10.0,6.65057422945,58.6705177984
13,130.0,0.688267385946,10.0,6.88267385946,65.5531916579
14,140.0,0.710477986744,10.0,7.10477986744,72.6579715253
15,150.0,0.731799330549,10.0,7.31799330549,79.9759648308
16,160.0,0.752322963119,10.0,7.52322963119,87.499194462
17,170.0,0.772125950292,10.0,7.72125950292,95.2204539649
18,180.0,0.791273875838,10.0,7.91273875838,103.133192723
19,190.0,0.809823088131,10.0,8.09823088131,111.231423605
20,200.0,0.827822413182,10.0,8.27822413182,119.509647736
21,210.0,0.845314480935,10.0,8.45314480935,127.962792546
22,220.0,0.862336766244,10.0,8.62336766244,136.586160208
23,230.0,0.878922415999,10.0,8.78922415999,145.375384368
24,240.0,0.895100913653,10.0,8.95100913653,154.326393505
25,250.0,0.910898618495,10.0,9.10898618495,163.43537969
26,260.0,0.926339207328,10.0,9.26339207328,172.698771763
27,270.0,0.941444039241,10.0,9.41444039241,182.113212155
28,280.0,0.956232459219,10.0,9.56232459219,191.675536748
29,290.0,0.970722052629,10.0,9.70722052629,201.382757274
30,300.0,0.984928859954,10.0,9.84928859954,211.232045873
31,310.0,0.99886755909,10.0,9.9886755909,221.220721464
32,320.0,1.01255162098,10.0,10.1255162098,231.346237674
33,330.0,1.02599344322,10.0,10.2599344322,241.606172106
34,340.0,1.03920446523,10.0,10.3920446523,251.998216759
35,350.0,1.0521952682,10.0,10.521952682,262.520169441
36,360.0,1.06497566192,10.0,10.6497566192,273.16992606
37,370.0,1.07755476075,10.0,10.7755476075,283.945473667
38,380.0,1.08994105031,10.0,10.8994105031,294.84488417
39,390.0,1.1021424461,10.0,11.021424461,305.866308632
40,400.0,1.11416634537,10.0,11.1416634537,317.007972085
41,410.0,1.12601967306,10.0,11.2601967306,328.268168816
42,420.0,1.13770892273,10.0,11.3770892273,339.645258043
43,430.0,1.14924019291,10.0,11.4924019291,351.137659972
44,440.0,1.1606192198,10.0,11.606192198,362.74385217
45,450.0,1.17185140644,10.0,11.7185140644,374.462366235
46,460.0,1.182941849,10.0,11.82941849,386.291784725
47,470.0,1.19389536049,10.0,11.9389536049,398.23073833
48,480.0,1.20471649211,10.0,12.0471649211,410.277903251
49,490.0,1.21540955267,10.0,12.1540955267,422.431998777
50,500.0,1.2259786261,10.0,12.259786261,434.691785038
51,510.0,1.23642758749,10.0,12.3642758749,447.056060913
52,520.0,1.24676011759,10.0,12.4676011759,459.523662089
53,530.0,1.25697971608,10.0,12.5697971608,472.09345925
54,540.0,1.26708971377,10.0,12.6708971377,484.764356388
55,550.0,1.27709328363,10.0,12.7709328363,497.535289224
56,560.0,1.28699345106,10.0,12.8699345106,510.405223735
57,570.0,1.29679310322,10.0,12.9679310322,523.373154767
58,580.0,1.30649499763,10.0,13.0649499763,536.438104743
59,590.0,1.31610177016,10.0,13.1610177016,549.599122445
60,600.0,1.32561594234,10.0,13.2561594234,562.855281868
61,610.0,1.33503992813,10.0,13.3503992813,576.205681149
62,620.0,1.34437604019,10.0,13.4437604019,589.649441551
63,630.0,1.3536264957,10.0,13.536264957,603.185706508
64,640.0,1.36279342173,10.0,13.6279342173,616.813640726
65,650.0,1.37187886027,10.0,13.7187886027,630.532429328
66,660.0,1.38088477286,10.0,13.8088477286,644.341277057
67,670.0,1.38981304496,10.0,13.8981304496,658.239407506
68,680.0,1.39866548994,10.0,13.9866548994,672.226062406
69,690.0,1.4074438529,10.0,14.074438529,686.300500935
70,700.0,1.41614981416,10.0,14.1614981416,700.461999077
71,710.0,1.42478499255,10.0,14.2478499255,714.709849002
72,720.0,1.43335094852,10.0,14.3335094852,729.043358487
73,730.0,1.44184918699,10.0,14.4184918699,743.461850357
74,740.0,1.45028116007,10.0,14.5028116007,757.964661958
75,750.0,1.45864826961,10.0,14.5864826961,772.551144654
76,760.0,1.46695186958,10.0,14.6695186958,787.22066335
77,770.0,1.47519326828,10.0,14.7519326828,801.972596033
78,780.0,1.48337373052,10.0,14.8337373052,816.806333338
79,790.0,1.49149447952,10.0,14.9149447952,831.721278133
80,800.0,1.49955669885,10.0,14.9955669885,846.716845122
81,810.0,1.50756153417,10.0,15.0756153417,861.792460463
82,820.0,1.51551009488,10.0,15.1551009488,876.947561412
83,830.0,1.52340345573,10.0,15.2340345573,892.181595969
84,840.0,1.53124265826,10.0,15.3124265826,907.494022552
85,850.0,1.53902871224,10.0,15.3902871224,922.884309674
86,860.0,1.54676259702,10.0,15.4676259702,938.351935645
87,870.0,1.55444526272,10.0,15.5444526272,953.896388272
88,880.0,1.5620776315,10.0,15.620776315,969.517164587
89,890.0,1.56966059865,10.0,15.6966059865,985.213770573
90,900.0,1.57719503366,10.0,15.7719503366,1000.98572091
91,910.0,1.58468178128,10.0,15.8468178128,1016.83253872
92,920.0,1.59212166245,10.0,15.9212166245,1032.75375535
93,930.0,1.59951547522,10.0,15.9951547522,1048.7489101
94,940.0,1.60686399566,10.0,16.0686399566,1064.81755006
95,950.0,1.61416797868,10.0,16.1416797868,1080.95922984
96,960.0,1.6214281588,10.0,16.214281588,1097.17351143
97,970.0,1.62864525092,10.0,16.2864525092,1113.45996394
98,980.0,1.63581995106,10.0,16.3581995106,1129.81816345
99,990.0,1.64295293702,10.0,16.4295293702,1146.24769282
100,1000.0,1.65004486903,10.0,16.5004486903,1162.74814151
101,1010.0,1.65709639043,10.0,16.5709639043,1179.31910542
102,1020.0,1.66410812818,10.0,16.6410812818,1195.9601867
103,1030.0,1.67108069351,10.0,16.7108069351,1212.67099363
104,1040.0,1.67801468242,10.0,16.7801468242,1229.45114046
105,1050.0,1.68491067622,10.0,16.8491067622,1246.30024722
106,1060.0,1.69176924201,10.0,16.9176924201,1263.21793964
107,1070.0,1.69859093318,10.0,16.9859093318,1280.20384897
108,1080.0,1.70537628984,10.0,17.0537628984,1297.25761187
109,1090.0,1.7121258393,10.0,17.121258393,1314.37887026
110,1100.0,1.71884009645,10.0,17.1884009645,1331.56727123
111,1110.0,1.72551956416,10.0,17.2551956416,1348.82246687
112,1120.0,1.7321647337,10.0,17.321647337,1366.14411421
113,1130.0,1.73877608509,10.0,17.3877608509,1383.53187506
114,1140.0,1.74535408742,10.0,17.4535408742,1400.98541593
115,1150.0,1.75189919928,10.0,17.5189919928,1418.50440792
116,1160.0,1.75841186898,10.0,17.5841186898,1436.08852661
117,1170.0,1.76489253494,10.0,17.6489253494,1453.73745196
118,1180.0,1.77134162598,10.0,17.7134162598,1471.45086822
119,1190.0,1.77775956157,10.0,17.7775956157,1489.22846384
120,1200.0,1.78414675215,10.0,17.8414675215,1507.06993136
121,1210.0,1.7905035994,10.0,17.905035994,1524.97496735
122,1220.0,1.79683049644,10.0,17.9683049644,1542.94327232
123,1230.0,1.80312782818,10.0,18.0312782818,1560.9745506
124,1240.0,1.80939597147,10.0,18.0939597147,1579.06851031
125,1250.0,1.81563529535,10.0,18.1563529535,1597.22486327
126,1260.0,1.82184616132,10.0,18.2184616132,1615.44332488
127,1270.0,1.82802892349,10.0,18.2802892349,1633.72361412
128,1280.0,1.83418392883,10.0,18.3418392883,1652.0654534
129,1290.0,1.84031151735,10.0,18.4031151735,1670.46856858
130,1300.0,1.84641202231,10.0,18.4641202231,1688.9326888
131,1310.0,1.85248577037,10.0,18.5248577037,1707.4575465
132,1320.0,1.8585330818,10.0,18.585330818,1726.04287732
133,1330.0,1.86455427066,10.0,18.6455427066,1744.68842003
134,1340.0,1.87054964494,10.0,18.7054964494,1763.39391648
135,1350.0,1.87651950671,10.0,18.7651950671,1782.15911155
136,1360.0,1.88246415234,10.0,18.8246415234,1800.98375307
137,1370.0,1.88838387258,10.0,18.8838387258,1819.86759179
138,1380.0,1.89427895274,10.0,18.9427895274,1838.81038132
139,1390.0,1.90014967283,10.0,19.0014967283,1857.81187805
140,1400.0,1.90599630768,10.0,19.0599630768,1876.87184113
141,1410.0,1.91181912708,10.0,19.1181912708,1895.9900324
142,1420.0,1.91761839594,10.0,19.1761839594,1915.16621636
143,1430.0,1.92339437434,10.0,19.2339437434,1934.4001601
144,1440.0,1.92914731772,10.0,19.2914731772,1953.69163328
145,1450.0,1.93487747697,10.0,19.3487747697,1973.04040805
146,1460.0,1.94058509851,10.0,19.4058509851,1992.44625903
147,1470.0,1.94627042447,10.0,19.4627042447,2011.90896328
148,1480.0,1.95193369271,10.0,19.5193369271,2031.4283002
149,1490.0,1.95757513699,10.0,19.5757513699,2051.00405157
150,1500.0,1.96319498705,10.0,19.6319498705,2070.63600145
151,1510.0,1.96879346868,10.0,19.6879346868,2090.32393613
152,1520.0,1.97437080384,10.0,19.7437080384,2110.06764417
153,1530.0,1.97992721075,10.0,19.7992721075,2129.86691628
154,1540.0,1.98546290395,10.0,19.8546290395,2149.72154532
155,1550.0,1.99097809442,10.0,19.9097809442,2169.63132626
156,1560.0,1.99647298965,10.0,19.9647298965,2189.59605616
157,1570.0,2.0019477937,10.0,20.019477937,2209.6155341
158,1580.0,2.0074027073,10.0,20.074027073,2229.68956117
159,1590.0,2.01283792792,10.0,20.1283792792,2249.81794045
160,1600.0,2.01825364985,10.0,20.1825364985,2270.00047695
161,1610.0,2.02365006425,10.0,20.2365006425,2290.23697759
162,1620.0,2.02902735925,10.0,20.2902735925,2310.52725118
163,1630.0,2.03438571997,10.0,20.3438571997,2330.87110838
164,1640.0,2.03972532864,10.0,20.3972532864,2351.26836167
165,1650.0,2.04504636463,10.0,20.4504636463,2371.71882531
166,1660.0,2.05034900452,10.0,20.5034900452,2392.22231536
167,1670.0,2.05563342216,10.0,20.5563342216,2412.77864958
168,1680.0,2.06089978871,10.0,20.6089978871,2433.38764747
169,1690.0,2.06614827275,10.0,20.6614827275,2454.04913019
170,1700.0,2.07137904027,10.0,20.7137904027,2474.7629206
171,1710.0,2.07659225477,10.0,20.7659225477,2495.52884315
172,1720.0,2.08178807728,10.0,20.8178807728,2516.34672392
173,1730.0,2.08696666644,10.0,20.8696666644,2537.21639058
174,1740.0,2.09212817853,10.0,20.9212817853,2558.13767237
175,1750.0,2.09727276753,10.0,20.9727276753,2579.11040004
176,1760.0,2.10240058515,10.0,21.0240058515,2600.13440589
177,1770.0,2.10751178089,10.0,21.0751178089,2621.2095237
178,1780.0,2.11260650209,10.0,21.1260650209,2642.33558872
179,1790.0,2.11768489396,10.0,21.1768489396,2663.51243766
180,1800.0,2.12274709963,10.0,21.2274709963,2684.73990866
181,1810.0,2.12779326017,10.0,21.2779326017,2706.01784126
182,1820.0,2.13282351469,10.0,21.3282351469,2727.34607641
183,1830.0,2.13783800029,10.0,21.3783800029,2748.72445641
184,1840.0,2.14283685218,10.0,21.4283685218,2770.15282493
185,1850.0,2.14782020367,10.0,21.4782020367,2791.63102697
186,1860.0,2.15278818621,10.0,21.5278818621,2813.15890883
187,1870.0,2.15774092947,10.0,21.5774092947,2834.73631813
188,1880.0,2.1626785613,10.0,21.626785613,2856.36310374
189,1890.0,2.16760120782,10.0,21.6760120782,2878.03911582
190,1900.0,2.17250899345,10.0,21.7250899345,2899.76420575
191,1910.0,2.17740204091,10.0,21.7740204091,2921.53822616
192,1920.0,2.18228047127,10.0,21.8228047127,2943.36103087
193,1930.0,2.18714440399,10.0,21.8714440399,2965.23247491
194,1940.0,2.19199395694,10.0,21.9199395694,2987.15241448
195,1950.0,2.19682924644,10.0,21.9682924644,3009.12070695
196,1960.0,2.20165038724,10.0,22.0165038724,3031.13721082
197,1970.0,2.20645749264,10.0,22.0645749264,3053.20178575
198,1980.0,2.21125067441,10.0,22.1125067441,3075.31429249
199,1990.0,2.21603004292,10.0,22.1603004292,3097.47459292
200,2000.0,2.22079570708,10.0,22.2079570708,3119.68254999
201,2010.0,2.22554777442,10.0,22.2554777442,3141.93802774
202,2020.0,2.23028635109,10.0,22.3028635109,3164.24089125
203,2030.0,2.23501154188,10.0,22.3501154188,3186.59100667
204,2040.0,2.23972345028,10.0,22.3972345028,3208.98824117
205,2050.0,2.24442217846,10.0,22.4442217846,3231.43246295
206,2060.0,2.2491078273,10.0,22.491078273,3253.92354123
207,2070.0,2.25378049646,10.0,22.5378049646,3276.46134619
208,2080.0,2.25844028431,10.0,22.5844028431,3299.04574903
209,2090.0,2.26308728806,10.0,22.6308728806,3321.67662191
210,2100.0,2.26772160369,10.0,22.6772160369,3344.35383795
211,2110.0,2.27234332602,10.0,22.7234332602,3367.07727121
212,2120.0,2.27695254871,10.0,22.7695254871,3389.8467967
213,2130.0,2.28154936429,10.0,22.8154936429,3412.66229034
214,2140.0,2.28613386416,10.0,22.8613386416,3435.52362898
215,2150.0,2.29070613866,10.0,22.9070613866,3458.43069037
216,2160.0,2.29526627701,10.0,22.9526627701,3481.38335314
217,2170.0,2.29981436739,10.0,22.9981436739,3504.38149681
218,2180.0,2.30435049693,10.0,23.0435049693,3527.42500178
219,2190.0,2.30887475174,10.0,23.0887475174,3550.5137493
220,2200.0,2.31338721692,10.0,23.1338721692,3573.64762147
221,2210.0,2.31788797656,10.0,23.1788797656,3596.82650123
222,2220.0,2.3223771138,10.0,23.223771138,3620.05027237
223,2230.0,2.32685471079,10.0,23.2685471079,3643.31881948
224,2240.0,2.33132084876,10.0,23.3132084876,3666.63202797
225,2250.0,2.335775608,10.0,23.35775608,3689.98978405
226,2260.0,2.34021906786,10.0,23.4021906786,3713.39197473
227,2270.0,2.34465130683,10.0,23.4465130683,3736.83848779
228,2280.0,2.34907240247,10.0,23.4907240247,3760.32921182
229,2290.0,2.35348243151,10.0,23.5348243151,3783.86403613
230,2300.0,2.35788146978,10.0,23.5788146978,3807.44285083
231,2310.0,2.36226959228,10.0,23.6226959228,3831.06554676
232,2320.0,2.36664687318,10.0,23.6664687318,3854.73201549
233,2330.0,2.37101338583,10.0,23.7101338583,3878.44214935
234,2340.0,2.37536920276,10.0,23.7536920276,3902.19584137
235,2350.0,2.3797143957,10.0,23.797143957,3925.99298533
236,2360.0,2.38404903562,10.0,23.8404903562,3949.83347569
237,2370.0,2.38837319271,10.0,23.8837319271,3973.71720761
238,2380.0,2.39268693637,10.0,23.9268693637,3997.64407698
239,2390.0,2.39699033529,10.0,23.9699033529,4021.61398033
240,2400.0,2.40128345741,10.0,24.0128345741,4045.6268149
241,2410.0,2.40556636992,10.0,24.0556636992,4069.6824786
242,2420.0,2.40983913933,10.0,24.0983913933,4093.78087
243,2430.0,2.41410183143,10.0,24.1410183143,4117.92188831
244,2440.0,2.41835451129,10.0,24.1835451129,4142.10543342
245,2450.0,2.42259724334,10.0,24.2259724334,4166.33140586
246,2460.0,2.42683009129,10.0,24.2683009129,4190.59970677
247,2470.0,2.43105311823,10.0,24.3105311823,4214.91023795
248,2480.0,2.43526638655,10.0,24.3526638655,4239.26290182
249,2490.0,2.43946995802,10.0,24.3946995802,4263.6576014
250,2500.0,2.44366389376,10.0,24.4366389376,4288.09424034
251,2510.0,2.44784825429,10.0,24.4784825429,4312.57272288
252,2520.0,2.45202309946,10.0,24.5202309946,4337.09295387
253,2530.0,2.45618848856,10.0,24.5618848856,4361.65483876
254,2540.0,2.46034448026,10.0,24.6034448026,4386.25828356
255,2550.0,2.46449113262,10.0,24.6449113262,4410.90319489
256,2560.0,2.46862850313,10.0,24.6862850313,4435.58947992
257,2570.0,2.47275664871,10.0,24.7275664871,4460.31704641
258,2580.0,2.47687562571,10.0,24.7687562571,4485.08580266
259,2590.0,2.48098548989,10.0,24.8098548989,4509.89565756
260,2600.0,2.4850862965,10.0,24.850862965,4534.74652053
261,2610.0,2.48917810022,10.0,24.8917810022,4559.63830153
262,2620.0,2.49326095518,10.0,24.9326095518,4584.57091108
263,2630.0,2.49733491502,10.0,24.9733491502,4609.54426023
264,2640.0,2.50140003281,10.0,25.0140003281,4634.55826056
265,2650.0,2.50545636113,10.0,25.0545636113,4659.61282417
266,2660.0,2.50950395206,10.0,25.0950395206,4684.70786369
267,2670.0,2.51354285714,10.0,25.1354285714,4709.84329226
268,2680.0,2.51757312745,10.0,25.1757312745,4735.01902354
269,2690.0,2.52159481356,10.0,25.2159481356,4760.23497167
270,2700.0,2.52560796556,10.0,25.2560796556,4785.49105133
271,2710.0,2.52961263308,10.0,25.2961263308,4810.78717766
272,2720.0,2.53360886526,10.0,25.3360886526,4836.12326631
273,2730.0,2.53759671078,10.0,25.3759671078,4861.49923342
274,2740.0,2.54157621787,10.0,25.4157621787,4886.9149956
275,2750.0,2.5455474343,10.0,25.455474343,4912.37046994
276,2760.0,2.5495104074,10.0,25.495104074,4937.86557402
277,2770.0,2.55346518404,10.0,25.5346518404,4963.40022586
278,2780.0,2.55741181069,10.0,25.5741181069,4988.97434396
279,2790.0,2.56135033336,10.0,25.6135033336,5014.5878473
280,2800.0,2.56528079766,10.0,25.6528079766,5040.24065527
281,2810.0,2.56920324875,10.0,25.6920324875,5065.93268776
282,2820.0,2.57311773142,10.0,25.7311773142,5091.66386507
283,2830.0,2.57702429001,10.0,25.7702429001,5117.43410797
284,2840.0,2.58092296849,10.0,25.8092296849,5143.24333766
285,2850.0,2.58481381041,10.0,25.8481381041,5169.09147576
286,2860.0,2.58869685893,10.0,25.8869685893,5194.97844435
287,2870.0,2.59257215685,10.0,25.9257215685,5220.90416592
288,2880.0,2.59643974654,10.0,25.9643974654,5246.86856339
289,2890.0,2.60029967004,10.0,26.0029967004,5272.87156009
290,2900.0,2.60415196897,10.0,26.0415196897,5298.91307978
291,2910.0,2.60799668463,10.0,26.0799668463,5324.99304662
292,2920.0,2.61183385791,10.0,26.1183385791,5351.1113852
293,2930.0,2.61566352937,10.0,26.1566352937,5377.2680205
294,2940.0,2.6194857392,10.0,26.194857392,5403.46287789
295,2950.0,2.62330052726,10.0,26.2330052726,5429.69588316
296,2960.0,2.62710793302,10.0,26.2710793302,5455.96696249
297,2970.0,2.63090799565,10.0,26.3090799565,5482.27604245
298,2980.0,2.63470075397,10.0,26.3470075397,5508.62304999
299,2990.0,2.63848624645,10.0,26.3848624645,5535.00791245
300,3000.0,2.64226451125,10.0,26.4226451125,5561.43055756
301,3010.0,2.64603558618,10.0,26.4603558618,5587.89091343
302,3020.0,2.64979950875,10.0,26.4979950875,5614.38890851
303,3030.0,2.65355631614,10.0,26.5355631614,5640.92447167
304,3040.0,2.65730604522,10.0,26.5730604522,5667.49753213
305,3050.0,2.66104873254,10.0,26.6104873254,5694.10801945
306,3060.0,2.66478441435,10.0,26.6478441435,5720.7558636
307,3070.0,2.66851312658,10.0,26.6851312658,5747.44099486
308,3080.0,2.67223490489,10.0,26.7223490489,5774.16334391
309,3090.0,2.67594978462,10.0,26.7594978462,5800.92284176
310,3100.0,2.67965780081,10.0,26.7965780081,5827.71941977
311,3110.0,2.68335898823,10.0,26.8335898823,5854.55300965
312,3120.0,2.68705338136,10.0,26.8705338136,5881.42354346
313,3130.0,2.69074101437,10.0,26.9074101437,5908.3309536
314,3140.0,2.69442192118,10.0,26.9442192118,5935.27517282
315,3150.0,2.69809613542,10.0,26.9809613542,5962.25613417
316,3160.0,2.70176369044,10.0,27.0176369044,5989.27377107
317,3170.0,2.70542461934,10.0,27.0542461934,6016.32801727
318,3180.0,2.70907895493,10.0,27.0907895493,6043.41880682
319,3190.0,2.71272672976,10.0,27.1272672976,6070.54607412
320,3200.0,2.71636797612,10.0,27.1636797612,6097.70975388
321,3210.0,2.72000272604,10.0,27.2000272604,6124.90978114
322,3220.0,2.7236310113,10.0,27.236310113,6152.14609125
323,3230.0,2.72725286342,10.0,27.2725286342,6179.41861988
324,3240.0,2.73086831367,10.0,27.3086831367,6206.72730302
325,3250.0,2.73447739307,10.0,27.3447739307,6234.07207695
326,3260.0,2.7380801324,10.0,27.380801324,6261.45287828
327,3270.0,2.74167656219,10.0,27.4167656219,6288.8696439
328,3280.0,2.74526671274,10.0,27.4526671274,6316.32231102
329,3290.0,2.7488506141,10.0,27.488506141,6343.81081717
330,3300.0,2.7524282961,10.0,27.524282961,6371.33510013
331,3310.0,2.75599978833,10.0,27.5599978833,6398.89509801
332,3320.0,2.75956512015,10.0,27.5956512015,6426.49074921
333,3330.0,2.76312432069,10.0,27.6312432069,6454.12199242
334,3340.0,2.76667741886,10.0,27.6667741886,6481.78876661
335,3350.0,2.77022444335,10.0,27.7022444335,6509.49101104
336,3360.0,2.77376542263,10.0,27.7376542263,6537.22866527
337,3370.0,2.77730038493,10.0,27.7730038493,6565.00166912
338,3380.0,2.78082935831,10.0,27.8082935831,6592.8099627
339,3390.0,2.78435237056,10.0,27.8435237056,6620.6534864
340,3400.0,2.78786944932,10.0,27.8786944932,6648.5321809
341,3410.0,2.79138062197,10.0,27.9138062197,6676.44598712
342,3420.0,2.79488591572,10.0,27.9488591572,6704.39484627
343,3430.0,2.79838535754,10.0,27.9838535754,6732.37869985
344,3440.0,2.80187897424,10.0,28.0187897424,6760.39748959
345,3450.0,2.80536679239,10.0,28.0536679239,6788.45115752
346,3460.0,2.80884883838,10.0,28.0884883838,6816.5396459
347,3470.0,2.81232513842,10.0,28.1232513842,6844.66289728
348,3480.0,2.8157957185,10.0,28.157957185,6872.82085447
349,3490.0,2.81926060443,10.0,28.1926060443,6901.01346051
350,3500.0,2.82271982182,10.0,28.2271982182,6929.24065873
351,3510.0,2.82617339611,10.0,28.2617339611,6957.50239269
352,3520.0,2.82962135254,10.0,28.2962135254,6985.79860622
353,3530.0,2.83306371617,10.0,28.3306371617,7014.12924338
354,3540.0,2.83650051187,10.0,28.3650051187,7042.4942485
355,3550.0,2.83993176435,10.0,28.3993176435,7070.89356614
356,3560.0,2.84335749812,10.0,28.4335749812,7099.32714112
357,3570.0,2.84677773752,10.0,28.4677773752,7127.7949185
358,3580.0,2.85019250672,10.0,28.5019250672,7156.29684357
359,3590.0,2.8536018297,10.0,28.536018297,7184.83286186
360,3600.0,2.8570057303,10.0,28.570057303,7213.40291917
361,3610.0,2.86040423215,10.0,28.6040423215,7242.00696149
362,3620.0,2.86379735875,10.0,28.6379735875,7270.64493507
363,3630.0,2.86718513341,10.0,28.6718513341,7299.31678641
364,3640.0,2.87056757927,10.0,28.7056757927,7328.0224622
365,3650.0,2.87394471933,10.0,28.7394471933,7356.7619094
366,3660.0,2.87731657641,10.0,28.7731657641,7385.53507516
367,3670.0,2.88068317317,10.0,28.8068317317,7414.34190689
368,3680.0,2.88404453213,10.0,28.8404453213,7443.18235221
369,3690.0,2.88740067562,10.0,28.8740067562,7472.05635897
370,3700.0,2.89075162585,10.0,28.9075162585,7500.96387523
371,3710.0,2.89409740486,10.0,28.9409740486,7529.90484928
372,3720.0,2.89743803452,10.0,28.9743803452,7558.87922962
373,3730.0,2.90077353658,10.0,29.0077353658,7587.88696499
374,3740.0,2.90410393262,10.0,29.0410393262,7616.92800431
375,3750.0,2.90742924408,10.0,29.0742924408,7646.00229675
376,3760.0,2.91074949225,10.0,29.1074949225,7675.10979168
377,3770.0,2.91406469828,10.0,29.1406469828,7704.25043866
378,3780.0,2.91737488316,10.0,29.1737488316,7733.42418749
379,3790.0,2.92068006775,10.0,29.2068006775,7762.63098817
380,3800.0,2.92398027278,10.0,29.2398027278,7791.8707909
381,3810.0,2.92727551881,10.0,29.2727551881,7821.14354608
382,3820.0,2.93056582629,10.0,29.3056582629,7850.44920435
383,3830.0,2.93385121552,10.0,29.3385121552,7879.7877165
384,3840.0,2.93713170666,10.0,29.3713170666,7909.15903357
385,3850.0,2.94040731973,10.0,29.4040731973,7938.56310677
386,3860.0,2.94367807465,10.0,29.4367807465,7967.99988751
387,3870.0,2.94694399116,10.0,29.4694399116,7997.46932742
388,3880.0,2.9502050889,10.0,29.502050889,8026.97137831
389,3890.0,2.95346138738,10.0,29.5346138738,8056.50599219
390,3900.0,2.95671290596,10.0,29.5671290596,8086.07312125
391,3910.0,2.95995966389,10.0,29.5995966389,8115.67271789
392,3920.0,2.9632016803,10.0,29.632016803,8145.30473469
393,3930.0,2.96643897417,10.0,29.6643897417,8174.96912443
394,3940.0,2.96967156438,10.0,29.6967156438,8204.66584007
395,3950.0,2.97289946966,10.0,29.7289946966,8234.39483477
396,3960.0,2.97612270865,10.0,29.7612270865,8264.15606186
397,3970.0,2.97934129985,10.0,29.7934129985,8293.94947486
398,3980.0,2.98255526165,10.0,29.8255526165,8323.77502747
399,3990.0,2.9857646123,10.0,29.857646123,8353.63267359
400,4000.0,2.98896936996,10.0,29.8896936996,8383.52236729
401,4010.0,2.99216955266,10.0,29.9216955266,8413.44406282
402,4020.0,2.99536517831,10.0,29.9536517831,8443.3977146
403,4030.0,2.99855626471,10.0,29.9855626471,8473.38327725
404,4040.0,3.00174282955,10.0,30.0174282955,8503.40070555
405,4050.0,3.00492489041,10.0,30.0492489041,8533.44995445
406,4060.0,3.00810246475,10.0,30.0810246475,8563.5309791
407,4070.0,3.01127556993,10.0,30.1127556993,8593.6437348
408,4080.0,3.01444422317,10.0,30.1444422317,8623.78817703
409,4090.0,3.01760844163,10.0,30.1760844163,8653.96426145
410,4100.0,3.02076824233,10.0,30.2076824233,8684.17194387
411,4110.0,3.02392364219,10.0,30.2392364219,8714.41118029
412,4120.0,3.02707465802,10.0,30.2707465802,8744.68192687
413,4130.0,3.03022130653,10.0,30.3022130653,8774.98413994
414,4140.0,3.03336360433,10.0,30.3336360433,8805.31777598
415,4150.0,3.03650156792,10.0,30.3650156792,8835.68279166
416,4160.0,3.03963521371,10.0,30.3963521371,8866.0791438
417,4170.0,3.04276455798,10.0,30.4276455798,8896.50678938
418,4180.0,3.04588961695,10.0,30.4588961695,8926.96568555
419,4190.0,3.0490104067,10.0,30.490104067,8957.45578961
420,4200.0,3.05212694325,10.0,30.5212694325,8987.97705904
421,4210.0,3.05523924248,10.0,30.5523924248,9018.52945147
422,4220.0,3.05834732022,10.0,30.5834732022,9049.11292467
423,4230.0,3.06145119216,10.0,30.6145119216,9079.72743659
424,4240.0,3.06455087392,10.0,30.6455087392,9110.37294533
425,4250.0,3.06764638102,10.0,30.6764638102,9141.04940914
426,4260.0,3.07073772889,10.0,30.7073772889,9171.75678643
427,4270.0,3.07382493286,10.0,30.7382493286,9202.49503576
428,4280.0,3.07690800816,10.0,30.7690800816,9233.26411584
429,4290.0,3.07998696995,10.0,30.7998696995,9264.06398554
430,4300.0,3.08306183329,10.0,30.8306183329,9294.89460387
431,4310.0,3.08613261313,10.0,30.8613261313,9325.75593001
432,4320.0,3.08919932437,10.0,30.8919932437,9356.64792325
433,4330.0,3.09226198179,10.0,30.9226198179,9387.57054307
434,4340.0,3.09532060009,10.0,30.9532060009,9418.52374907
435,4350.0,3.09837519389,10.0,30.9837519389,9449.50750101
436,4360.0,3.10142577771,10.0,31.0142577771,9480.52175878
437,4370.0,3.10447236601,10.0,31.0447236601,9511.56648244
438,4380.0,3.10751497313,10.0,31.0751497313,9542.64163218
439,4390.0,3.11055361336,10.0,31.1055361336,9573.74716831
440,4400.0,3.11358830088,10.0,31.1358830088,9604.88305132
441,4410.0,3.1166190498,10.0,31.166190498,9636.04924182
442,4420.0,3.11964587415,10.0,31.1964587415,9667.24570056
443,4430.0,3.12266878787,10.0,31.2266878787,9698.47238844
444,4440.0,3.12568780483,10.0,31.2568780483,9729.72926648
445,4449.99550894,3.12870158555,9.99550893564,31.2729646553,9761.00223114
446,4459.98620253,3.13171005136,9.99069359463,31.2879555504,9792.29018669
447,4469.97209621,3.13471322606,9.98589367996,31.3029129926,9823.59309968
448,4479.95320531,3.13771113327,9.98110910044,31.3178371468,9854.91093683
449,4489.92954508,3.14070379645,9.97633976566,31.3327281767,9886.24366501
450,4499.90113066,3.14369123889,9.971585586,31.3475862445,9917.59125125
451,4509.86797713,3.14667348371,9.9668464726,31.3624115115,9948.95366276
452,4519.83009947,3.14965055388,9.96212233735,31.3772041376,9980.3308669
453,4529.78751257,3.15262247219,9.95741309291,31.3919642815,10011.7228312
454,4539.74023122,3.15558926127,9.95271865266,31.4066921008,10043.1295233
455,4549.68827015,3.15855094361,9.94803893072,31.4213877517,10074.550911
456,4559.63164399,3.16150754153,9.94337384195,31.4360513895,10105.9869624
457,4569.57036729,3.16445907718,9.9387233019,31.4506831682,10137.4376456
458,4579.50445452,3.16740557257,9.93408722686,31.4652832407,10168.9029288
459,4589.43392005,3.17034704956,9.92946553379,31.4798517588,10200.3827806
460,4599.35877819,3.17328352986,9.92485814037,31.494388873,10231.8771695
461,4609.27904316,3.176215035,9.92026496496,31.5088947329,10263.3860642
462,4619.19472908,3.1791415864,9.91568592658,31.5233694869,10294.9094337
463,4629.10585003,3.18206320532,9.91112094494,31.5378132824,10326.447247
464,4639.01241997,3.18497991285,9.90656994042,31.5522262655,10357.9994732
465,4648.9144528,3.18789172997,9.90203283403,31.5666085815,10389.5660818
466,4658.81196235,3.1907986775,9.89750954746,31.5809603746,10421.1470422
467,4668.70496235,3.19370077611,9.89300000302,31.5952817877,10452.742324
468,4678.59346648,3.19659804634,9.88850412366,31.6095729629,10484.3518969
469,4688.47748831,3.1994905086,9.88402183297,31.6238340413,10515.975731
470,4698.35704137,3.20237818313,9.87955305515,31.6380651629,10547.6137961
471,4708.23213908,3.20526109008,9.87509771503,31.6522664667,10579.2660626
472,4718.10279482,3.20813924941,9.87065573802,31.6664380906,10610.9325007
473,4727.96902187,3.21101268099,9.86622705017,31.6805801717,10642.6130809
474,4737.83083345,3.21388140454,9.86181157811,31.694692846,10674.3077737
475,4747.6882427,3.21674543965,9.85740924904,31.7087762486,10706.01655
476,4757.54126269,3.21960480577,9.85301999077,31.7228305136,10737.7393805
477,4767.38990642,3.22245952224,9.84864373168,31.7368557742,10769.4762363
478,4777.23418682,3.22530960824,9.84428040071,31.7508521627,10801.2270884
479,4787.07411675,3.22815508286,9.83992992739,31.7648198101,10832.9919082
480,4796.90970899,3.23099596505,9.83559224179,31.7787588471,10864.7706671
481,4806.74097626,3.23383227362,9.83126727454,31.792669403,10896.5633365
482,4816.56793122,3.23666402728,9.82695495681,31.8065516064,10928.3698881
483,4826.39058644,3.23949124459,9.82265522032,31.8204055849,10960.1902937
484,4836.20895444,3.24231394402,9.81836799732,31.8342314653,10992.0245251
485,4846.02304766,3.2451321439,9.81409322061,31.8480293735,11023.8725545
486,4855.83287848,3.24794586244,9.8098308235,31.8617994345,11055.7343539
487,4865.63845922,3.25075511775,9.80558073981,31.8755417724,11087.6098957
488,4875.43980213,3.25355992779,9.8013429039,31.8892565107,11119.4991522
489,4885.23691938,3.25636031044,9.79711725061,31.9029437716,11151.402096
490,4895.02982309,3.25915628344,9.79290371532,31.9166036769,11183.3186997
491,4904.81852533,3.26194786443,9.78870223389,31.9302363473,11215.248936
492,4914.60303807,3.26473507092,9.78451274266,31.9438419028,11247.1927779
493,4924.38337325,3.26751792033,9.78033517848,31.9574204625,11279.1501984
494,4934.15954273,3.27029642995,9.77616947868,31.9709721448,11311.1211705
495,4943.93155831,3.27307061698,9.77201558107,31.9844970671,11343.1056676
496,4953.69943173,3.27584049849,9.76787342394,31.9979953463,11375.1036629
497,4963.46317468,3.27860609145,9.76374294602,32.0114670982,11407.11513
498,4973.22279876,3.28136741272,9.75962408655,32.0249124381,11439.1400425
499,4982.97831555,3.28412447907,9.7555167852,32.0383314803,11471.178374
500,4992.72973653,3.28687730714,9.75142098211,32.0517243385,11503.2300983
501,5002.47707315,3.28962591348,9.74733661785,32.0650911255,11535.2951894
502,5012.22033678,3.29237031454,9.74326363347,32.0784319536,11567.3736214
503,5021.95953875,3.29511052665,9.73920197044,32.091746934,11599.4653683
504,5031.69469032,3.29784656605,9.73515157068,32.1050361774,11631.5704045
505,5041.4258027,3.30057844889,9.73111237652,32.1182997937,11663.6887043
506,5051.15288703,3.3033061912,9.72708433075,32.1315378921,11695.8202422
507,5060.87595441,3.30602980891,9.72306737658,32.144750581,11727.9649928
508,5070.59501586,3.30874931788,9.71906145762,32.1579379683,11760.1229307
509,5080.31008238,3.31146473383,9.71506651792,32.1711001609,11792.2940309
510,5090.02116488,3.31417607243,9.71108250194,32.1842372653,11824.4782682
511,5099.72827424,3.31688334921,9.70710935453,32.197349387,11856.6756175
512,5109.43142126,3.31958657964,9.70314702096,32.210436631,11888.8860542
513,5119.13061671,3.32228577906,9.69919544692,32.2234991017,11921.1095533
514,5128.82587129,3.32498096277,9.69525457846,32.2365369025,11953.3460902
515,5138.51719565,3.32767214591,9.69132436204,32.2495501366,11985.5956403
516,5148.20460039,3.33035934359,9.68740474453,32.262538906,12017.8581792
517,5157.88809607,3.33304257078,9.68349567315,32.2755033126,12050.1336825
518,5167.56769316,3.3357218424,9.67959709552,32.2884434571,12082.422126
519,5177.24340212,3.33839717324,9.67570895966,32.30135944,12114.7234854
520,5186.91523333,3.34106857804,9.67183121392,32.314251361,12147.0377368
521,5196.58319714,3.34373607143,9.66796380706,32.327119319,12179.3648561
522,5206.24730383,3.34639966796,9.66410668819,32.3399634125,12211.7048195
523,5215.90756364,3.34905938208,9.66025980679,32.3527837392,12244.0576033
524,5225.56398675,3.35171522817,9.6564231127,32.3655803964,12276.4231837
525,5235.2165833,3.35436722051,9.65259655612,32.3783534807,12308.8015371
526,5244.86536339,3.35701537332,9.6487800876,32.3911030878,12341.1926402
527,5254.51033705,3.35965970071,9.64497365804,32.4038293133,12373.5964695
528,5264.15151427,3.36230021671,9.6411772187,32.4165322518,12406.0130018
529,5273.78890499,3.36493693529,9.63739072118,32.4292119975,12438.4422138
530,5283.42251911,3.36756987032,9.6336141174,32.441868644,12470.8840824
531,5293.05236647,3.37019903557,9.62984735966,32.4545022842,12503.3385847
532,5302.67845687,3.37282444478,9.62609040055,32.4671130106,12535.8056977
533,5312.30080006,3.37544611156,9.62234319303,32.479700915,12568.2853986
534,5321.91940575,3.37806404946,9.61860569036,32.4922660885,12600.7776647
535,5331.5342836,3.38067827196,9.61487784615,32.5048086221,12633.2824733
536,5341.14544321,3.38328879246,9.61115961432,32.5173286057,12665.799802
537,5350.75289416,3.38589562427,9.60745094911,32.529826129,12698.3296281
538,5360.35664597,3.38849878062,9.60375180508,32.5423012809,12730.8719294
539,5369.9567081,3.39109827469,9.60006213711,32.5547541501,12763.4266835
540,5379.55309,3.39369411956,9.59638190037,32.5671848244,12795.9938683
541,5389.14580105,3.39628632825,9.59271105037,32.5795933912,12828.5734617
542,5398.7348506,3.39887491369,9.5890495429,32.5919799375,12861.1654417
543,5408.32024793,3.40145988875,9.58539733407,32.6043445496,12893.7697862
544,5417.90200231,3.40404126621,9.58175438028,32.6166873132,12926.3864735
545,5427.48012295,3.40661905881,9.57812063823,32.6290083138,12959.0154818
546,5437.05461901,3.40919327918,9.57449606492,32.6413076361,12991.6567895
547,5446.62549963,3.4117639399,9.57088061764,32.6535853644,13024.3103748
548,5456.19277389,3.41433105348,9.56727425395,32.6658415824,13056.9762164
549,5465.75645082,3.41689463235,9.56367693174,32.6780763736,13089.6542928
550,5475.31653943,3.41945468886,9.56008860915,32.6902898205,13122.3445826
551,5484.87304867,3.42201123533,9.55650924462,32.7024820056,13155.0470646
552,5494.42598747,3.42456428397,9.55293879684,32.7146530106,13187.7617176
553,5503.97536469,3.42711384693,9.54937722482,32.7268029168,13220.4885206
554,5513.52118918,3.42965993632,9.54582448782,32.738931805,13253.2274524
555,5523.06346973,3.43220256415,9.54228054538,32.7510397557,13285.9784921
556,5532.60221508,3.43474174238,9.53874535729,32.7631268486,13318.741619
557,5542.13743397,3.43727748289,9.53521888363,32.7751931632,13351.5168121
558,5551.66913505,3.43980979752,9.53170108475,32.7872387783,13384.3040509
559,5561.19732697,3.44233869801,9.52819192124,32.7992637726,13417.1033147
560,5570.72201833,3.44486419607,9.52469135397,32.8112682239,13449.9145829
561,5580.24321767,3.44738630332,9.52119934406,32.8232522099,13482.7378351
562,5589.76093352,3.44990503133,9.51771585288,32.8352158076,13515.5730509
563,5599.27517437,3.4524203916,9.51424084206,32.8471590937,13548.42021
564,5608.78594864,3.45493239557,9.51077427349,32.8590821444,13581.2792922
565,5618.29326475,3.45744105461,9.5073161093,32.8709850355,13614.1502772
566,5627.79713106,3.45994638005,9.50386631187,32.8828678423,13647.033145
567,5637.2975559,3.46244838314,9.50042484383,32.8947306396,13679.9278757
568,5646.79454757,3.46494707507,9.49699166803,32.9065735021,13712.8344492
569,5656.28811432,3.46744246697,9.49356674759,32.9183965036,13745.7528457
570,5665.77826437,3.46993456991,9.49015004587,32.9301997178,13778.6830454
571,5675.26500589,3.47242339491,9.48674152643,32.9419832179,13811.6250286
572,5684.74834705,3.47490895293,9.48334115311,32.9537470766,13844.5787757
573,5694.22829594,3.47739125485,9.47994888996,32.9654913664,13877.5442671
574,5703.70486064,3.47987031152,9.47656470125,32.9772161591,13910.5214832
575,5713.17804919,3.48234613371,9.47318855152,32.9889215263,13943.5104047
576,5722.64786959,3.48481873215,9.46982040548,33.0006075391,13976.5110123
577,5732.11432982,3.48728811749,9.46646022812,33.0122742682,14009.5232866
578,5741.57743781,3.48975430036,9.46310798461,33.023921784,14042.5472083
579,5751.03720145,3.49221729129,9.45976364037,33.0355501564,14075.5827585
580,5760.49362861,3.49467710079,9.45642716104,33.047159455,14108.6299179
581,5769.94672712,3.49713373929,9.45309851245,33.0587497488,14141.6886677
582,5779.39650478,3.49958721719,9.44977766068,33.0703211066,14174.7589888
583,5788.84296935,3.50203754481,9.44646457199,33.0818735968,14207.8408624
584,5798.28612857,3.50448473243,9.44315921289,33.0934072874,14240.9342697
585,5807.72599012,3.50692879027,9.43986155007,33.1049222461,14274.0391919
586,5817.16256167,3.5093697285,9.43657155044,33.11641854,14307.1556105
587,5826.59585085,3.51180755725,9.43328918113,33.127896236,14340.2835067
588,5836.02586526,3.51424228657,9.43001440945,33.1393554006,14373.4228621
589,5845.45261246,3.51667392647,9.42674720292,33.1507960999,14406.5736582
590,5854.87609999,3.51910248692,9.42348752929,33.1622183998,14439.7358766
591,5864.29633535,3.52152797783,9.42023535648,33.1736223656,14472.909499
592,5873.713326,3.52395040904,9.41699065262,33.1850080623,14506.094507
593,5883.12707938,3.52636979038,9.41375338604,33.1963755546,14539.2908826
594,5892.53760291,3.52878613159,9.41052352524,33.2077249069,14572.4986075
595,5901.94490395,3.53119944238,9.40730103896,33.2190561831,14605.7176637
596,5911.34898984,3.53360973241,9.40408589611,33.2303694469,14638.9480331
597,5920.74986791,3.53601701128,9.40087806576,33.2416647615,14672.1896979
598,5930.14754543,3.53842128856,9.39767751723,33.25294219,14705.4426401
599,5939.54202965,3.54082257374,9.39448421998,33.2642017948,14738.7068419
600,5948.93332779,3.5432208763,9.39129814368,33.2754436383,14771.9822855
601,5958.32144705,3.54561620565,9.38811925817,33.2866677823,14805.2689533
602,5967.70639458,3.54800857115,9.38494753349,33.2978742886,14838.5668276
603,5977.08817752,3.55039798211,9.38178293985,33.3090632183,14871.8758908
604,5986.46680297,3.55278444782,9.37862544763,33.3202346323,14905.1961254
605,5995.842278,3.55516797749,9.37547502743,33.3313885913,14938.527514
606,6005.21460965,3.55754858031,9.37233164998,33.3425251556,14971.8700392
607,6014.58380493,3.5599262654,9.3691952862,33.353644385,15005.2236836
608,6023.94987084,3.56230104185,9.36606590722,33.3647463393,15038.5884299
609,6033.31281433,3.56467291871,9.36294348429,33.3758310778,15071.964261
610,6042.67264231,3.56704190496,9.35982798886,33.3868986595,15105.3511596
611,6052.02936171,3.56940800956,9.35671939256,33.397949143,15138.7491088
612,6061.38297937,3.57177124142,9.35361766716,33.4089825868,15172.1580914
613,6070.73350216,3.5741316094,9.35052278463,33.419999049,15205.5780904
614,6080.08093688,3.57648912231,9.34743471709,33.4309985872,15239.009089
615,6089.42529031,3.57884378894,9.34435343682,33.441981259,15272.4510703
616,6098.76656923,3.58119561801,9.34127891627,33.4529471216,15305.9040174
617,6108.10478036,3.58354461821,9.33821112807,33.4638962317,15339.3679136
618,6117.4399304,3.5858907982,9.33515004498,33.4748286461,15372.8427423
619,6126.77202604,3.58823416656,9.33209563994,33.4857444208,15406.3284867
620,6136.10107393,3.59057473187,9.32904788605,33.496643612,15439.8251303
621,6145.42708068,3.59291250264,9.32600675656,33.5075262754,15473.3326566
622,6154.75005291,3.59524748736,9.32297222488,33.5183924662,15506.851049
623,6164.06999717,3.59757969445,9.31994426457,33.5292422397,15540.3802913
624,6173.38692002,3.59990913232,9.31692284937,33.5400756506,15573.9203669
625,6182.70082798,3.60223580932,9.31390795313,33.5508927535,15607.4712597
626,6192.01172753,3.60455973377,9.31089954989,33.5616936027,15641.0329533
627,6201.31962514,3.60688091394,9.30789761382,33.5724782521,15674.6054315
628,6210.62452726,3.60919935806,9.30490211924,33.5832467555,15708.1886783
629,6219.9264403,3.61151507433,9.30191304063,33.5939991663,15741.7826775
630,6229.22537065,3.6138280709,9.29893035262,33.6047355377,15775.387413
631,6238.52132468,3.6161383559,9.29595402996,33.6154559225,15809.0028689
632,6247.81430873,3.6184459374,9.29298404757,33.6261603733,15842.6290293
633,6257.10432911,3.62075082344,9.29002038051,33.6368489425,15876.2658782
634,6266.39139212,3.62305302202,9.28706300398,33.6475216823,15909.9133999
635,6275.67550401,3.6253525411,9.28411189332,33.6581786443,15943.5715786
636,6284.95667103,3.62764938861,9.28116702401,33.6688198802,15977.2403984
637,6294.2348994,3.62994357243,9.27822837167,33.6794454413,16010.9198439
638,6303.51019532,3.63223510042,9.27529591207,33.6900553786,16044.6098993
639,6312.78256494,3.63452398038,9.2723696211,33.7006497429,16078.310549
640,6322.05201441,3.6368102201,9.2694494748,33.7112285847,16112.0217776
641,6331.31854986,3.63909382731,9.26653544934,33.7217919543,16145.7435695
642,6340.58217738,3.64137480972,9.26362752102,33.7323399017,16179.4759094
643,6349.84290305,3.64365317499,9.26072566629,33.7428724767,16213.2187819
644,6359.10073291,3.64592893075,9.25782986171,33.7533897288,16246.9721717
645,6368.35567299,3.6482020846,9.25494008399,33.7638917073,16280.7360634
646,6377.6077293,3.6504726441,9.25205630997,33.7743784612,16314.5104418
647,6386.85690782,3.65274061677,9.2491785166,33.7848500393,16348.2952919
648,6396.1032145,3.6550060101,9.24630668098,33.7953064902,16382.0905984
649,6405.34665528,3.65726883154,9.24344078033,33.8057478621,16415.8963462
650,6414.58723607,3.65952908853,9.240580792,33.8161742032,16449.7125204
651,6423.82496277,3.66178678843,9.23772669346,33.8265855613,16483.539106
652,6433.05984123,3.66404193861,9.23487846231,33.8369819839,16517.376088
653,6442.29187731,3.66629454638,9.23203607628,33.8473635184,16551.2234515
654,6451.52107682,3.66854461902,9.2291995132,33.857730212,16585.0811817
655,6460.74744557,3.67079216378,9.22636875104,33.8680821115,16618.9492638
656,6469.97098934,3.67303718789,9.2235437679,33.8784192637,16652.8276831
657,6479.19171388,3.67527969853,9.22072454199,33.8887417149,16686.7164248
658,6488.40962493,3.67751970284,9.21791105164,33.8990495114,16720.6154743
659,6497.62472821,3.67975720795,9.21510327528,33.9093426993,16754.524817
660,6506.8370294,3.68199222095,9.2123011915,33.9196213241,16788.4444383
661,6516.04653418,3.68422474887,9.20950477898,33.9298854316,16822.3743237
662,6525.25324819,3.68645479876,9.20671401651,33.940135067,16856.3144588
663,6534.45717708,3.6886823776,9.20392888301,33.9503702754,16890.2648291
664,6543.65832643,3.69090749234,9.20114935751,33.9605911017,16924.2254202
665,6552.85670185,3.69313014991,9.19837541915,33.9707975907,16958.1962178
666,6562.0523089,3.69535035722,9.1956070472,33.9809897867,16992.1772076
667,6571.24515312,3.69756812112,9.19284422102,33.991167734,17026.1683753
668,6580.43524004,3.69978344844,9.19008692009,34.0013314767,17060.1697068
669,6589.62257517,3.701996346,9.18733512401,34.0114810586,17094.1811878
670,6598.80716398,3.70420682056,9.18458881247,34.0216165232,17128.2028044
671,6607.98901194,3.70641487887,9.18184796528,34.0317379141,17162.2345423
672,6617.16812451,3.70862052764,9.17911256237,34.0418452743,17196.2763876
673,6626.34450709,3.71082377355,9.17638258376,34.051938647,17230.3283262
674,6635.5181651,3.71302462325,9.17365800958,34.0620180748,17264.3903443
675,6644.68910392,3.71522308337,9.17093882007,34.0720836005,17298.4624279
676,6653.85732892,3.7174191605,9.16822499558,34.0821352663,17332.5445631
677,6663.02284543,3.7196128612,9.16551651655,34.0921731145,17366.6367363
678,6672.1856588,3.72180419201,9.16281336354,34.1021971871,17400.7389334
679,6681.34577431,3.72399315944,9.1601155172,34.1122075258,17434.851141
680,6690.50319727,3.72617976997,9.15742295829,34.1222041722,17468.9733451
681,6699.65793294,3.72836403004,9.15473566767,34.1321871679,17503.1055323
682,6708.80998656,3.73054594608,9.1520536263,34.1421565539,17537.2476889
683,6717.95936338,3.73272552447,9.14937681524,34.1521123713,17571.3998012
684,6727.1060686,3.73490277159,9.14670521565,34.1620546609,17605.5618559
685,6736.2501074,3.73707769377,9.14403880879,34.1719834633,17639.7338394
686,6745.39148498,3.73925029732,9.14137757603,34.1818988191,17673.9157382
687,6754.53020648,3.74142058853,9.1387214988,34.1918007684,17708.1075389
688,6763.66627704,3.74358857364,9.13607055867,34.2016893514,17742.3092283
689,6772.79970178,3.74575425889,9.13342473729,34.2115646079,17776.5207929
690,6781.93048579,3.74791765047,9.13078401639,34.2214265776,17810.7422195
691,6791.05863417,3.75007875456,9.12814837781,34.2312753001,17844.9734948
692,6800.18415197,3.75223757731,9.1255178035,34.2411108147,17879.2146056
693,6809.30704425,3.75439412484,9.12289227547,34.2509331606,17913.4655388
694,6818.42731602,3.75654840324,9.12027177584,34.2607423767,17947.7262811
695,6827.54497231,3.75870041859,9.11765628683,34.2705385018,17981.9968196
696,6836.6600181,3.76085017691,9.11504579073,34.2803215746,18016.2771412
697,6845.77245837,3.76299768423,9.11244026995,34.2900916335,18050.5672328
698,6854.88229808,3.76514294654,9.10983970697,34.2998487168,18084.8670816
699,6863.98954216,3.76728596981,9.10724408436,34.3095928626,18119.1766744
700,6873.09419555,3.76942675997,9.10465338478,34.3193241088,18153.4959985
701,6882.19626314,3.77156532294,9.102067591,34.3290424932,18187.825041
702,6891.29574982,3.7737016646,9.09948668584,34.3387480534,18222.1637891
703,6900.39266048,3.77583579083,9.09691065224,34.3484408267,18256.5122299
704,6909.48699995,3.77796770745,9.09433947321,34.3581208504,18290.8703508
705,6918.57877308,3.78009742029,9.09177313186,34.3677881616,18325.2381389
706,6927.66798469,3.78222493514,9.08921161137,34.3774427972,18359.6155817
707,6936.75463959,3.78435025775,9.08665489501,34.387084794,18394.0026665
708,6945.83874255,3.78647339388,9.08410296613,34.3967141885,18428.3993807
709,6954.92029836,3.78859434923,9.08155580819,34.4063310172,18462.8057117
710,6963.99931177,3.79071312951,9.07901340471,34.4159353162,18497.221647
711,6973.07578751,3.79282974038,9.07647573928,34.4255271218,18531.6471742
712,6982.1497303,3.79494418749,9.07394279561,34.4351064698,18566.0822806
713,6991.22114486,3.79705647645,9.07141455745,34.4446733959,18600.526954
714,7000.29003587,3.79916661287,9.06889100867,34.4542279359,18634.981182
715,7009.356408,3.80127460233,9.0663721332,34.4637701252,18669.4449521
716,7018.42026592,3.80338045037,9.06385791505,34.473299999,18703.9182521
717,7027.48161426,3.80548416252,9.06134833832,34.4828175926,18738.4010697
718,7036.54045764,3.8075857443,9.05884338717,34.4923229408,18772.8933926
719,7045.59680069,3.80968520118,9.05634304586,34.5018160786,18807.3952087
720,7054.65064799,3.81178253862,9.05384729871,34.5112970406,18841.9065057
721,7063.70200412,3.81387776207,9.05135613014,34.5207658613,18876.4272716
722,7072.75087364,3.81597087693,9.04886952463,34.5302225751,18910.9574942
723,7081.79726111,3.81806188861,9.04638746673,34.5396672163,18945.4971614
724,7090.84117105,3.82015080247,9.04390994109,34.5490998189,18980.0462612
725,7099.88260798,3.82223762386,9.04143693242,34.5585204169,19014.6047816
726,7108.92157641,3.82432235812,9.0389684255,34.567929044,19049.1727107
727,7117.95808081,3.82640501054,9.0365044052,34.5773257338,19083.7500364
728,7126.99212567,3.82848558641,9.03404485645,34.5867105199,19118.3367469
729,7136.02371543,3.83056409099,9.03158976426,34.5960834356,19152.9328304
730,7145.05285455,3.83264052953,9.02913911372,34.605444514,19187.5382749
731,7154.07954744,3.83471490724,9.02669288999,34.6147937884,19222.1530687
732,7163.10379852,3.83678722933,9.02425107828,34.6241312914,19256.7771999
733,7172.12561218,3.83885750097,9.0218136639,34.633457056,19291.410657
734,7181.14499281,3.84092572731,9.01938063223,34.6427711147,19326.0534281
735,7190.16194478,3.8429919135,9.0169519687,34.6520735001,19360.7055016
736,7199.17647244,3.84505606464,9.01452765882,34.6613642444,19395.3668659
737,7208.18858013,3.84711818584,9.01210768819,34.67064338,19430.0375092
738,7217.19827217,3.84917828217,9.00969204245,34.6799109388,19464.7174202
739,7226.20555288,3.85123635867,9.00728070732,34.6891669528,19499.4065871
740,7235.21042655,3.8532924204,9.0048736686,34.6984114538,19534.1049986
741,7244.21289746,3.85534647235,9.00247091214,34.7076444735,19568.8126431
742,7253.21296988,3.85739851952,9.00007242387,34.7168660434,19603.5295091
743,7262.21064807,3.85944856689,8.99767818978,34.7260761949,19638.2555853
744,7271.20593627,3.86149661941,8.99528819594,34.7352749592,19672.9908603
745,7280.1988387,3.86354268201,8.99290242847,34.7444623675,19707.7353226
746,7289.18935957,3.86558675961,8.99052087356,34.7536384508,19742.4889611
747,7298.17750309,3.8676288571,8.98814351748,34.76280324,19777.2517643
748,7307.16327343,3.86966897936,8.98577034655,34.7719567657,19812.0237211
749,7316.14667478,3.87170713125,8.98340134715,34.7810990586,19846.8048201
750,7325.12771129,3.87374331759,8.98103650575,34.7902301492,19881.5950503
751,7334.1063871,3.87577754322,8.97867580885,34.7993500678,19916.3944004
752,7343.08270634,3.87780981293,8.97631924305,34.8084588447,19951.2028592
753,7352.05667313,3.87984013149,8.97396679498,34.8175565099,19986.0204157
754,7361.02829158,3.88186850368,8.97161845136,34.8266430934,20020.8470588
755,7369.99756578,3.88389493423,8.96927419895,34.8357186251,20055.6827774
756,7378.96449981,3.88591942787,8.96693402459,34.8447831346,20090.5275606
757,7387.92909772,3.88794198931,8.96459791518,34.8538366517,20125.3813972
758,7396.89136358,3.88996262322,8.96226585766,34.8628792057,20160.2442764
759,7405.85130142,3.89198133429,8.95993783906,34.871910826,20195.1161872
760,7414.80891527,3.89399812716,8.95761384644,34.8809315419,20229.9971188
761,7423.76420913,3.89601300647,8.95529386696,34.8899413825,20264.8870602
762,7432.71718702,3.89802597683,8.95297788781,34.8989403767,20299.7860005
763,7441.66785292,3.90003704284,8.95066589624,34.9079285534,20334.6939291
764,7450.6162108,3.90204620907,8.94835787957,34.9169059414,20369.610835
765,7459.56226462,3.90405348009,8.94605382518,34.9258725693,20404.5367076
766,7468.50601834,3.90605886045,8.9437537205,34.9348284656,20439.4715361
767,7477.4474759,3.90806235467,8.94145755302,34.9437736588,20474.4153097
768,7486.38664121,3.91006396726,8.93916531028,34.9527081771,20509.3680179
769,7495.32351819,3.91206370271,8.93687697991,34.9616320487,20544.32965
770,7504.25811074,3.9140615655,8.93459254956,34.9705453016,20579.3001953
771,7513.19042274,3.91605756008,8.93231200694,34.9794479638,20614.2796432
772,7522.12045808,3.9180516909,8.93003533985,34.9883400631,20649.2679833
773,7531.04822062,3.92004396237,8.92776253611,34.9972216272,20684.2652049
774,7539.9737142,3.92203437892,8.9254935836,35.0060926837,20719.2712976
775,7548.89694267,3.92402294492,8.92322847028,35.0149532601,20754.2862509
776,7557.81790986,3.92600966475,8.92096718414,35.0238033839,20789.3100542
777,7566.73661957,3.92799454277,8.91870971323,35.0326430821,20824.3426973
778,7575.65307562,3.92997758331,8.91645604567,35.0414723821,20859.3841697
779,7584.56728178,3.93195879071,8.91420616961,35.0502913108,20894.434461
780,7593.47924186,3.93393816927,8.91196007328,35.0590998953,20929.4935609
781,7602.3889596,3.93591572327,8.90971774493,35.0678981622,20964.5614591
782,7611.29643878,3.93789145701,8.90747917289,35.0766861384,20999.6381452
783,7620.20168312,3.93986537472,8.90524434554,35.0854638505,21034.7236091
784,7629.10469637,3.94183748067,8.90301325131,35.0942313249,21069.8178404
785,7638.00548225,3.94380777907,8.90078587866,35.1029885881,21104.920829
786,7646.90404447,3.94577627414,8.89856221614,35.1117356664,21140.0325646
787,7655.80038672,3.94774297007,8.89634225233,35.1204725859,21175.1530372
788,7664.6945127,3.94970787104,8.89412597585,35.1291993728,21210.2822366
789,7673.58642607,3.95167098122,8.8919133754,35.1379160531,21245.4201527
790,7682.47613051,3.95363230476,8.88970443971,35.1466226526,21280.5667753
791,7691.36362967,3.95559184578,8.88749915757,35.1553191971,21315.7220945
792,7700.24892719,3.95754960841,8.88529751781,35.1640057122,21350.8861002
793,7709.1320267,3.95950559676,8.88309950931,35.1726822237,21386.0587824
794,7718.01293182,3.9614598149,8.88090512102,35.1813487569,21421.2401312
795,7726.89164616,3.96341226691,8.87871434191,35.1900053371,21456.4301365
796,7735.76817332,3.96536295685,8.87652716102,35.1986519898,21491.6287885
797,7744.64251689,3.96731188877,8.87434356743,35.2072887401,21526.8360773
798,7753.51468044,3.96925906668,8.87216355027,35.215915613,21562.0519929
799,7762.38466754,3.9712044946,8.86998709872,35.2245326335,21597.2765255
800,7771.25248174,3.97314817653,8.867814202,35.2331398265,21632.5096653
801,7780.11812659,3.97509011646,8.86564484939,35.2417372168,21667.7514026
802,7788.98160562,3.97703031834,8.8634790302,35.2503248291,21703.0017274
803,7797.84292235,3.97896878615,8.8613167338,35.258902688,21738.2606301
804,7806.7020803,3.98090552381,8.85915794961,35.2674708179,21773.5281009
805,7815.55908297,3.98284053525,8.85700266709,35.2760292433,21808.8041301
806,7824.41393384,3.98477382439,8.85485087574,35.2845779885,21844.0887081
807,7833.26663641,3.98670539511,8.85270256511,35.2931170777,21879.3818252
808,7842.11719413,3.98863525131,8.85055772481,35.301646535,21914.6834717
809,7850.96561048,3.99056339686,8.84841634447,35.3101663844,21949.9936381
810,7859.81188889,3.99248983559,8.84627841378,35.3186766498,21985.3123148
811,7868.65603281,3.99441457137,8.84414392248,35.3271773552,22020.6394921
812,7877.49804567,3.99633760801,8.84201286034,35.3356685243,22055.9751607
813,7886.33793089,3.99825894933,8.83988521718,35.3441501806,22091.3193108
814,7895.17569187,4.00017859913,8.83776098287,35.3526223479,22126.6719332
815,7904.01133202,4.00209656119,8.83564014732,35.3610850495,22162.0330182
816,7912.84485472,4.00401283929,8.83352270048,35.3695383089,22197.4025565
817,7921.67626335,4.00592743718,8.83140863235,35.3779821493,22232.7805387
818,7930.50556129,4.0078403586,8.82929793297,35.3864165939,22268.1669553
819,7939.33275188,4.00975160731,8.82719059241,35.3948416659,22303.5617969
820,7948.15783848,4.011661187,8.82508660081,35.4032573884,22338.9650543
821,7956.98082443,4.01356910138,8.82298594833,35.4116637841,22374.3767181
822,7965.80171305,4.01547535415,8.82088862518,35.4200608761,22409.796779
823,7974.62050768,4.01737994899,8.8187946216,35.4284486871,22445.2252277
824,7983.4372116,4.01928288956,8.8167039279,35.4368272397,22480.6620549
825,7992.25182814,4.02118417951,8.81461653441,35.4451965566,22516.1072515
826,8001.06436057,4.02308382249,8.81253243149,35.4535566603,22551.5608081
827,8009.87481218,4.02498182212,8.81045160957,35.4619075732,22587.0227157
828,8018.68318624,4.02687818202,8.80837405911,35.4702493177,22622.492965
829,8027.48948601,4.02877290578,8.80629977059,35.4785819159,22657.9715469
830,8036.29371474,4.03066599699,8.80422873457,35.4869053902,22693.4584523
831,8045.09587569,4.03255745924,8.8021609416,35.4952197625,22728.9536721
832,8053.89597207,4.03444729608,8.80009638232,35.5035250549,22764.4571972
833,8062.69400712,4.03633551107,8.79803504738,35.5118212894,22799.9690184
834,8071.48998404,4.03822210774,8.79597692747,35.5201084877,22835.4891269
835,8080.28390606,4.04010708962,8.79392201333,35.5283866716,22871.0175136
836,8089.07577635,4.04199046023,8.79187029573,35.5366558629,22906.5541695
837,8097.86559812,4.04387222306,8.78982176549,35.5449160831,22942.0990856
838,8106.65337453,4.04575238161,8.78777641345,35.5531673538,22977.6522529
839,8115.43910876,4.04763093935,8.78573423051,35.5614096963,23013.2136626
840,8124.22280397,4.04950789975,8.7836952076,35.5696431321,23048.7833057
841,8133.0044633,4.05138326625,8.78165933568,35.5778676825,23084.3611734
842,8141.78408991,4.05325704231,8.77962660574,35.5860833686,23119.9472568
843,8150.56168692,4.05512923135,8.77759700884,35.5942902116,23155.541547
844,8159.33725746,4.05699983678,8.77557053605,35.6024882325,23191.1440352
845,8168.11080463,4.05886886202,8.77354717849,35.6106774523,23226.7547127
846,8176.88233156,4.06073631046,8.7715269273,35.6188578919,23262.3735706
847,8185.65184133,4.06260218547,8.76950977368,35.6270295721,23298.0006001
848,8194.41933704,4.06446649043,8.76749570885,35.6351925136,23333.6357927
849,8203.18482177,4.0663292287,8.76548472407,35.6433467372,23369.2791394
850,8211.94829858,4.06819040363,8.76347681063,35.6514922634,23404.9306317
851,8220.70977054,4.07005001854,8.76147195988,35.6596291128,23440.5902608
852,8229.4692407,4.07190807678,8.75947016317,35.6677573057,23476.2580181
853,8238.22671211,4.07376458163,8.75747141192,35.6758768625,23511.9338949
854,8246.98218781,4.07561953642,8.75547569756,35.6839878036,23547.6178827
855,8255.73567082,4.07747294443,8.75348301156,35.6920901492,23583.3099729
856,8264.48716417,4.07932480893,8.75149334544,35.7001839193,23619.0101568
857,8273.23667086,4.08117513321,8.74950669074,35.7082691341,23654.7184259
858,8281.9841939,4.0830239205,8.74752303904,35.7163458136,23690.4347718
859,8290.72973628,4.08487117407,8.74554238194,35.7244139776,23726.1591857
860,8299.47330099,4.08671689714,8.7435647111,35.7324736461,23761.8916594
861,8308.21489101,4.08856109294,8.7415900182,35.7405248389,23797.6321842
862,8316.9545093,4.09040376468,8.73961829496,35.7485675756,23833.3807518
863,8325.69215884,4.09224491557,8.73764953311,35.7566018759,23869.1373537
864,8334.42784256,4.09408454878,8.73568372444,35.7646277593,23904.9019814
865,8343.16156342,4.09592266752,8.73372086077,35.7726452454,23940.6746267
866,8351.89332436,4.09775927494,8.73176093395,35.7806543536,23976.455281
867,8360.62312829,4.0995943742,8.72980393585,35.7886551033,24012.2439361
868,8369.35097815,4.10142796846,8.72784985839,35.7966475137,24048.0405836
869,8378.07687684,4.10326006084,8.72589869351,35.804631604,24083.8452153
870,8386.80082728,4.10509065449,8.7239504332,35.8126073935,24119.6578226
871,8395.52283235,4.10691975251,8.72200506946,35.8205749012,24155.4783975
872,8404.24289494,4.10874735801,8.72006259433,35.8285341462,24191.3069317
873,8412.96101794,4.1105734741,8.7181229999,35.8364851473,24227.1434168
874,8421.67720422,4.11239810384,8.71618627827,35.8444279235,24262.9878448
875,8430.39145664,4.11422125033,8.71425242157,35.8523624936,24298.8402073
876,8439.10377806,4.11604291662,8.71232142197,35.8602888763,24334.7004961
877,8447.81417133,4.11786310578,8.71039327168,35.8682070903,24370.5687032
878,8456.5226393,4.11968182084,8.70846796293,35.8761171543,24406.4448204
879,8465.22918478,4.12149906485,8.70654548797,35.8840190867,24442.3288395
880,8473.93381062,4.12331484082,8.7046258391,35.8919129061,24478.2207524
881,8482.63651963,4.12512915177,8.70270900865,35.899798631,24514.120551
882,8491.33731462,4.12694200071,8.70079498897,35.9076762796,24550.0282273
883,8500.03619839,4.12875339063,8.69888377244,35.9155458702,24585.9437732
884,8508.73317375,4.13056332453,8.69697535148,35.9234074211,24621.8671806
885,8517.42824346,4.13237180536,8.69506971852,35.9312609505,24657.7984415
886,8526.12141033,4.13417883611,8.69316686606,35.9391064764,24693.737548
887,8534.81267712,4.13598441972,8.69126678658,35.9469440169,24729.684492
888,8543.50204659,4.13778855914,8.68936947262,35.95477359,24765.6392656
889,8552.18952151,4.13959125732,8.68747491674,35.9625952135,24801.6018608
890,8560.87510462,4.14139251717,8.68558311154,35.9704089054,24837.5722697
891,8569.55879867,4.14319234161,8.68369404964,35.9782146834,24873.5504844
892,8578.24060639,4.14499073356,8.68180772368,35.9860125652,24909.536497
893,8586.92053052,4.14678769591,8.67992412635,35.9938025685,24945.5302995
894,8595.59857377,4.14858323155,8.67804325034,36.001584711,24981.5318843
895,8604.27473886,4.15037734336,8.6761650884,36.0093590101,25017.5412433
896,8612.94902849,4.15217003421,8.67428963328,36.0171254834,25053.5583687
897,8621.62144537,4.15396130697,8.67241687779,36.0248841482,25089.5832529
898,8630.29199218,4.15575116448,8.67054681473,36.032635022,25125.6158879
899,8638.96067162,4.15753960959,8.66867943696,36.040378122,25161.656266
900,8647.62748636,4.15932664513,8.66681473735,36.0481134654,25197.7043795
901,8656.29243906,4.16111227392,8.66495270881,36.0558410696,25233.7602206
902,8664.95553241,4.16289649879,8.66309334425,36.0635609515,25269.8237815
903,8673.61676905,4.16467932254,8.66123663665,36.0712731283,25305.8950547
904,8682.27615162,4.16646074796,8.65938257898,36.0789776169,25341.9740323
905,8690.93368279,4.16824077785,8.65753116426,36.0866744344,25378.0607067
906,8699.58936517,4.17001941498,8.65568238553,36.0943635976,25414.1550703
907,8708.24320141,4.17179666213,8.65383623584,36.1020451233,25450.2571154
908,8716.89519412,4.17357252205,8.65199270829,36.1097190283,25486.3668345
909,8725.54534591,4.1753469975,8.650151796,36.1173853294,25522.4842198
910,8734.19365941,4.17712009123,8.64831349212,36.1250440432,25558.6092638
911,8742.8401372,4.17889180597,8.64647778981,36.1326951863,25594.741959
912,8751.48478188,4.18066214444,8.64464468227,36.1403387753,25630.8822978
913,8760.12759604,4.18243110937,8.64281416272,36.1479748266,25667.0302726
914,8768.76858227,4.18419870346,8.64098622441,36.1556033568,25703.185876
915,8777.40774313,4.18596492942,8.63916086062,36.1632243821,25739.3491004
916,8786.04508119,4.18772978993,8.63733806465,36.170837919,25775.5199383
917,8794.68059902,4.18949328769,8.63551782981,36.1784439837,25811.6983823
918,8803.31429917,4.19125542536,8.63370014946,36.1860425924,25847.8844248
919,8811.94618419,4.19301620562,8.63188501698,36.1936337612,25884.0780586
920,8820.57625661,4.19477563112,8.63007242577,36.2012175064,25920.2792761
921,8829.20451898,4.19653370451,8.62826236924,36.2087938439,25956.48807
922,8837.83097382,4.19829042844,8.62645484086,36.2163627897,25992.7044328
923,8846.45562366,4.20004580553,8.6246498341,36.2239243599,26028.9283571
924,8855.078471,4.20179983843,8.62284734245,36.2314785703,26065.1598357
925,8863.69951836,4.20355252973,8.62104735944,36.2390254367,26101.3988611
926,8872.31876824,4.20530388205,8.61924987862,36.2465649749,26137.6454261
927,8880.93622313,4.207053898,8.61745489356,36.2540972007,26173.8995233
928,8889.55188553,4.20880258015,8.61566239785,36.2616221298,26210.1611454
929,8898.16575791,4.21054993111,8.61387238513,36.2691397778,26246.4302852
930,8906.77784276,4.21229595344,8.61208484902,36.2766501603,26282.7069354
931,8915.38814255,4.21404064972,8.61029978321,36.2841532927,26318.9910887
932,8923.99665973,4.2157840225,8.60851718137,36.2916491907,26355.2827378
933,8932.60339677,4.21752607434,8.60673703723,36.2991378695,26391.5818757
934,8941.20835611,4.21926680778,8.60495934453,36.3066193447,26427.8884951
935,8949.81154021,4.22100622537,8.60318409702,36.3140936315,26464.2025887
936,8958.4129515,4.22274432962,8.60141128849,36.3215607452,26500.5241494
937,8967.01259241,4.22448112306,8.59964091275,36.329020701,26536.8531701
938,8975.61046537,4.2262166082,8.59787296364,36.3364735141,26573.1896437
939,8984.20657281,4.22795078755,8.59610743499,36.3439191996,26609.5335628
940,8992.80091713,4.22968366361,8.59434432069,36.3513577727,26645.8849206
941,9001.39350074,4.23141523887,8.59258361464,36.3587892483,26682.2437099
