,t,model_h0,dt
0,10.0,0.0229272991103,10.0
1,20.0,0.0308578562891,10.0
2,30.0,0.0367141463332,10.0
3,40.0,0.0415315947238,10.0
4,50.0,0.0456995022789,10.0
5,60.0,0.0494135766222,10.0
6,70.0,0.0527883115429,10.0
7,80.0,0.0558973813391,10.0
8,90.0,0.058791423032,10.0
9,100.0,0.0615069689204,10.0
10,110.0,0.0640713754975,10.0
11,120.0,0.0665057422945,10.0
12,130.0,0.0688267385946,10.0
13,140.0,0.0710477986744,10.0
14,150.0,0.0731799330549,10.0
15,160.0,0.0752322963119,10.0
16,170.0,0.0772125950292,10.0
17,180.0,0.0791273875838,10.0
18,190.0,0.0809823088131,10.0
19,200.0,0.0827822413182,10.0
20,210.0,0.0845314480935,10.0
21,220.0,0.0862336766244,10.0
22,230.0,0.0878922415999,10.0
23,240.0,0.0895100913653,10.0
24,250.0,0.0910898618495,10.0
25,260.0,0.0926339207328,10.0
26,270.0,0.0941444039241,10.0
27,280.0,0.0956232459219,10.0
28,290.0,0.0970722052629,10.0
29,300.0,0.0984928859954,10.0
30,310.0,0.099886755909,10.0
31,320.0,0.101255162098,10.0
32,330.0,0.102599344322,10.0
33,340.0,0.103920446523,10.0
34,350.0,0.10521952682,10.0
35,360.0,0.106497566192,10.0
36,370.0,0.107755476075,10.0
37,380.0,0.108994105031,10.0
38,390.0,0.11021424461,10.0
39,400.0,0.111416634537,10.0
40,410.0,0.112601967306,10.0
41,420.0,0.113770892273,10.0
42,430.0,0.114924019291,10.0
43,440.0,0.11606192198,10.0
44,450.0,0.117185140644,10.0
45,460.0,0.1182941849,10.0
46,470.0,0.119389536049,10.0
47,480.0,0.120471649211,10.0
48,490.0,0.121540955267,10.0
49,500.0,0.12259786261,10.0
50,510.0,0.123642758749,10.0
51,520.0,0.124676011759,10.0
52,530.0,0.125697971608,10.0
53,540.0,0.126708971377,10.0
54,550.0,0.127709328363,10.0
55,560.0,0.128699345106,10.0
56,570.0,0.129679310322,10.0
57,580.0,0.130649499763,10.0
58,590.0,0.131610177016,10.0
59,600.0,0.132561594234,10.0
60,610.0,0.133503992813,10.0
61,620.0,0.134437604019,10.0
62,630.0,0.13536264957,10.0
63,640.0,0.136279342173,10.0
64,650.0,0.137187886027,10.0
65,660.0,0.138088477286,10.0
66,670.0,0.138981304496,10.0
67,680.0,0.139866548994,10.0
68,690.0,0.14074438529,10.0
69,700.0,0.141614981416,10.0
70,710.0,0.142478499255,10.0
71,720.0,0.143335094852,10.0
72,730.0,0.144184918699,10.0
73,740.0,0.145028116007,10.0
74,750.0,0.145864826961,10.0
75,760.0,0.146695186958,10.0
76,770.0,0.147519326828,10.0
77,780.0,0.148337373052,10.0
78,790.0,0.149149447952,10.0
79,800.0,0.149955669885,10.0
80,810.0,0.150756153417,10.0
81,820.0,0.151551009488,10.0
82,830.0,0.152340345573,10.0
83,840.0,0.153124265826,10.0
84,850.0,0.153902871224,10.0
85,860.0,0.154676259702,10.0
86,870.0,0.155444526272,10.0
87,880.0,0.15620776315,10.0
88,890.0,0.156966059865,10.0
89,900.0,0.157719503366,10.0
90,910.0,0.158468178128,10.0
91,920.0,0.159212166245,10.0
92,930.0,0.159951547522,10.0
93,940.0,0.160686399566,10.0
94,950.0,0.161416797868,10.0
95,960.0,0.16214281588,10.0
96,970.0,0.162864525092,10.0
97,980.0,0.163581995106,10.0
98,990.0,0.164295293702,10.0
99,1000.0,0.165004486903,10.0
100,1010.0,0.165709639043,10.0
101,1020.0,0.166410812818,10.0
102,1030.0,0.167108069351,10.0
103,1040.0,0.167801468242,10.0
104,1050.0,0.168491067622,10.0
105,1060.0,0.169176924201,10.0
106,1070.0,0.169859093318,10.0
107,1080.0,0.170537628984,10.0
108,1090.0,0.17121258393,10.0
109,1100.0,0.171884009645,10.0
110,1110.0,0.172551956416,10.0
111,1120.0,0.17321647337,10.0
112,1130.0,0.173877608509,10.0
113,1140.0,0.174535408742,10.0
114,1150.0,0.175189919928,10.0
115,1160.0,0.175841186898,10.0
116,1170.0,0.176489253494,10.0
117,1180.0,0.177134162598,10.0
118,1190.0,0.177775956157,10.0
119,1200.0,0.178414675215,10.0
120,1210.0,0.17905035994,10.0
121,1220.0,0.179683049644,10.0
122,1230.0,0.180312782818,10.0
123,1240.0,0.180939597147,10.0
124,1250.0,0.181563529535,10.0
125,1260.0,0.182184616132,10.0
126,1270.0,0.182802892349,10.0
127,1280.0,0.183418392883,10.0
128,1290.0,0.184031151735,10.0
129,1300.0,0.184641202231,10.0
130,1310.0,0.185248577037,10.0
131,1320.0,0.18585330818,10.0
132,1330.0,0.186455427066,10.0
133,1340.0,0.187054964494,10.0
134,1350.0,0.187651950671,10.0
135,1360.0,0.188246415234,10.0
136,1370.0,0.188838387258,10.0
137,1380.0,0.189427895274,10.0
138,1390.0,0.190014967283,10.0
139,1400.0,0.190599630768,10.0
140,1410.0,0.191181912708,10.0
141,1420.0,0.191761839594,10.0
142,1430.0,0.192339437434,10.0
143,1440.0,0.192914731772,10.0
144,1450.0,0.193487747697,10.0
145,1460.0,0.194058509851,10.0
146,1470.0,0.194627042447,10.0
147,1480.0,0.195193369271,10.0
148,1490.0,0.195757513699,10.0
149,1500.0,0.196319498705,10.0
150,1510.0,0.196879346868,10.0
151,1520.0,0.197437080384,10.0
152,1530.0,0.197992721075,10.0
153,1540.0,0.198546290395,10.0
154,1550.0,0.199097809442,10.0
155,1560.0,0.199647298965,10.0
156,1570.0,0.20019477937,10.0
157,1580.0,0.20074027073,10.0
158,1590.0,0.201283792792,10.0
159,1600.0,0.201825364985,10.0
160,1610.0,0.202365006425,10.0
161,1620.0,0.202902735925,10.0
162,1630.0,0.203438571997,10.0
163,1640.0,0.203972532864,10.0
164,1650.0,0.204504636463,10.0
165,1660.0,0.205034900452,10.0
166,1670.0,0.205563342216,10.0
167,1680.0,0.206089978871,10.0
168,1690.0,0.206614827275,10.0
169,1700.0,0.207137904027,10.0
170,1710.0,0.207659225477,10.0
171,1720.0,0.208178807728,10.0
172,1730.0,0.208696666644,10.0
173,1740.0,0.209212817853,10.0
174,1750.0,0.209727276753,10.0
175,1760.0,0.210240058515,10.0
176,1770.0,0.210751178089,10.0
177,1780.0,0.211260650209,10.0
178,1790.0,0.211768489396,10.0
179,1800.0,0.212274709963,10.0
180,1810.0,0.212779326017,10.0
181,1820.0,0.213282351469,10.0
182,1830.0,0.213783800029,10.0
183,1840.0,0.214283685218,10.0
184,1850.0,0.214782020367,10.0
185,1860.0,0.215278818621,10.0
186,1870.0,0.215774092947,10.0
187,1880.0,0.21626785613,10.0
188,1890.0,0.216760120782,10.0
189,1900.0,0.217250899345,10.0
190,1910.0,0.217740204091,10.0
191,1920.0,0.218228047127,10.0
192,1930.0,0.218714440399,10.0
193,1940.0,0.219199395694,10.0
194,1950.0,0.219682924644,10.0
195,1960.0,0.220165038724,10.0
196,1970.0,0.220645749264,10.0
197,1980.0,0.221125067441,10.0
198,1990.0,0.221603004292,10.0
199,2000.0,0.222079570708,10.0
200,2010.0,0.222554777442,10.0
201,2020.0,0.223028635109,10.0
202,2030.0,0.223501154188,10.0
203,2040.0,0.223972345028,10.0
204,2050.0,0.224442217846,10.0
205,2060.0,0.22491078273,10.0
206,2070.0,0.225378049646,10.0
207,2080.0,0.225844028431,10.0
208,2090.0,0.226308728806,10.0
209,2100.0,0.226772160369,10.0
210,2110.0,0.227234332602,10.0
211,2120.0,0.227695254871,10.0
212,2130.0,0.228154936429,10.0
213,2140.0,0.228613386416,10.0
214,2150.0,0.229070613866,10.0
215,2160.0,0.229526627701,10.0
216,2170.0,0.229981436739,10.0
217,2180.0,0.230435049693,10.0
218,2190.0,0.230887475174,10.0
219,2200.0,0.231338721692,10.0
220,2210.0,0.231788797656,10.0
221,2220.0,0.23223771138,10.0
222,2230.0,0.232685471079,10.0
223,2240.0,0.233132084876,10.0
224,2250.0,0.2335775608,10.0
225,2260.0,0.234021906786,10.0
226,2270.0,0.234465130683,10.0
227,2280.0,0.234907240247,10.0
228,2290.0,0.235348243151,10.0
229,2300.0,0.235788146978,10.0
230,2310.0,0.236226959228,10.0
231,2320.0,0.236664687318,10.0
232,2330.0,0.237101338583,10.0
233,2340.0,0.237536920276,10.0
234,2350.0,0.23797143957,10.0
235,2360.0,0.238404903562,10.0
236,2370.0,0.238837319271,10.0
237,2380.0,0.239268693637,10.0
238,2390.0,0.239699033529,10.0
239,2400.0,0.240128345741,10.0
240,2410.0,0.240556636992,10.0
241,2420.0,0.240983913933,10.0
242,2430.0,0.241410183143,10.0
243,2440.0,0.241835451129,10.0
244,2450.0,0.242259724334,10.0
245,2460.0,0.242683009129,10.0
246,2470.0,0.243105311823,10.0
247,2480.0,0.243526638655,10.0
248,2490.0,0.243946995802,10.0
249,2500.0,0.244366389376,10.0
250,2510.0,0.244784825429,10.0
251,2520.0,0.245202309946,10.0
252,2530.0,0.245618848856,10.0
253,2540.0,0.246034448026,10.0
254,2550.0,0.246449113262,10.0
255,2560.0,0.246862850313,10.0
256,2570.0,0.247275664871,10.0
257,2580.0,0.247687562571,10.0
258,2590.0,0.248098548989,10.0
259,2600.0,0.24850862965,10.0
260,2610.0,0.248917810022,10.0
261,2620.0,0.249326095518,10.0
262,2630.0,0.249733491502,10.0
263,2640.0,0.250140003281,10.0
264,2650.0,0.250545636113,10.0
265,2660.0,0.250950395206,10.0
266,2670.0,0.251354285714,10.0
267,2680.0,0.251757312745,10.0
268,2690.0,0.252159481356,10.0
269,2700.0,0.252560796556,10.0
270,2710.0,0.252961263308,10.0
271,2720.0,0.253360886526,10.0
272,2730.0,0.253759671078,10.0
273,2740.0,0.254157621787,10.0
274,2750.0,0.25455474343,10.0
275,2760.0,0.25495104074,10.0
276,2770.0,0.255346518404,10.0
277,2780.0,0.255741181069,10.0
278,2790.0,0.256135033336,10.0
279,2800.0,0.256528079766,10.0
280,2810.0,0.256920324875,10.0
281,2820.0,0.257311773142,10.0
282,2830.0,0.257702429001,10.0
283,2840.0,0.258092296849,10.0
284,2850.0,0.258481381041,10.0
285,2860.0,0.258869685893,10.0
286,2870.0,0.259257215685,10.0
287,2880.0,0.259643974654,10.0
288,2890.0,0.260029967004,10.0
289,2900.0,0.260415196897,10.0
290,2910.0,0.260799668463,10.0
291,2920.0,0.261183385791,10.0
292,2930.0,0.261566352937,10.0
293,2940.0,0.26194857392,10.0
294,2950.0,0.262330052726,10.0
295,2960.0,0.262710793302,10.0
296,2970.0,0.263090799565,10.0
297,2980.0,0.263470075397,10.0
298,2990.0,0.263848624645,10.0
299,3000.0,0.264226451125,10.0
300,3010.0,0.264603558618,10.0
301,3020.0,0.264979950875,10.0
302,3030.0,0.265355631614,10.0
303,3040.0,0.265730604522,10.0
304,3050.0,0.266104873254,10.0
305,3060.0,0.266478441435,10.0
306,3070.0,0.266851312658,10.0
307,3080.0,0.267223490489,10.0
308,3090.0,0.267594978462,10.0
309,3100.0,0.267965780081,10.0
310,3110.0,0.268335898823,10.0
311,3120.0,0.268705338136,10.0
312,3130.0,0.269074101437,10.0
313,3140.0,0.269442192118,10.0
314,3150.0,0.269809613542,10.0
315,3160.0,0.270176369044,10.0
316,3170.0,0.270542461934,10.0
317,3180.0,0.270907895493,10.0
318,3190.0,0.271272672976,10.0
319,3200.0,0.271636797612,10.0
320,3210.0,0.272000272604,10.0
321,3220.0,0.27236310113,10.0
322,3230.0,0.272725286342,10.0
323,3240.0,0.273086831367,10.0
324,3250.0,0.273447739307,10.0
325,3260.0,0.27380801324,10.0
326,3270.0,0.274167656219,10.0
327,3280.0,0.274526671274,10.0
328,3290.0,0.27488506141,10.0
329,3300.0,0.27524282961,10.0
330,3310.0,0.275599978833,10.0
331,3320.0,0.275956512015,10.0
332,3330.0,0.276312432069,10.0
333,3340.0,0.276667741886,10.0
334,3350.0,0.277022444335,10.0
335,3360.0,0.277376542263,10.0
336,3370.0,0.277730038493,10.0
337,3380.0,0.278082935831,10.0
338,3390.0,0.278435237056,10.0
339,3400.0,0.278786944932,10.0
340,3410.0,0.279138062197,10.0
341,3420.0,0.279488591572,10.0
342,3430.0,0.279838535754,10.0
343,3440.0,0.280187897424,10.0
344,3450.0,0.280536679239,10.0
345,3460.0,0.280884883838,10.0
346,3470.0,0.281232513842,10.0
347,3480.0,0.28157957185,10.0
348,3490.0,0.281926060443,10.0
349,3500.0,0.282271982182,10.0
350,3510.0,0.282617339611,10.0
351,3520.0,0.282962135254,10.0
352,3530.0,0.283306371617,10.0
353,3540.0,0.283650051187,10.0
354,3550.0,0.283993176435,10.0
355,3560.0,0.284335749812,10.0
356,3570.0,0.284677773752,10.0
357,3580.0,0.285019250672,10.0
358,3590.0,0.28536018297,10.0
359,3600.0,0.28570057303,10.0
360,3610.0,0.286040423215,10.0
361,3620.0,0.286379735875,10.0
362,3630.0,0.286718513341,10.0
363,3640.0,0.287056757927,10.0
364,3650.0,0.287394471933,10.0
365,3660.0,0.287731657641,10.0
366,3670.0,0.288068317317,10.0
367,3680.0,0.288404453213,10.0
368,3690.0,0.288740067562,10.0
369,3700.0,0.289075162585,10.0
370,3710.0,0.289409740486,10.0
371,3720.0,0.289743803452,10.0
372,3730.0,0.290077353658,10.0
373,3740.0,0.290410393262,10.0
374,3750.0,0.290742924408,10.0
375,3760.0,0.291074949225,10.0
376,3770.0,0.291406469828,10.0
377,3780.0,0.291737488316,10.0
378,3790.0,0.292068006775,10.0
379,3800.0,0.292398027278,10.0
380,3810.0,0.292727551881,10.0
381,3820.0,0.293056582629,10.0
382,3830.0,0.293385121552,10.0
383,3840.0,0.293713170666,10.0
384,3850.0,0.294040731973,10.0
385,3860.0,0.294367807465,10.0
386,3870.0,0.294694399116,10.0
387,3880.0,0.29502050889,10.0
388,3890.0,0.295346138738,10.0
389,3900.0,0.295671290596,10.0
390,3910.0,0.295995966389,10.0
391,3920.0,0.29632016803,10.0
392,3930.0,0.296643897417,10.0
393,3940.0,0.296967156438,10.0
394,3950.0,0.297289946966,10.0
395,3960.0,0.297612270865,10.0
396,3970.0,0.297934129985,10.0
397,3980.0,0.298255526165,10.0
398,3990.0,0.29857646123,10.0
399,4000.0,0.298896936996,10.0
400,4010.0,0.299216955266,10.0
401,4020.0,0.299536517831,10.0
402,4030.0,0.299855626471,10.0
403,4040.0,0.300174282955,10.0
404,4050.0,0.300492489041,10.0
405,4060.0,0.300810246475,10.0
406,4070.0,0.301127556993,10.0
407,4080.0,0.301444422317,10.0
408,4090.0,0.301760844163,10.0
409,4100.0,0.302076824233,10.0
410,4110.0,0.302392364219,10.0
411,4120.0,0.302707465802,10.0
412,4130.0,0.303022130653,10.0
413,4140.0,0.303336360433,10.0
414,4150.0,0.303650156792,10.0
415,4160.0,0.303963521371,10.0
416,4170.0,0.304276455798,10.0
417,4180.0,0.304588961695,10.0
418,4190.0,0.30490104067,10.0
419,4200.0,0.305212694325,10.0
420,4210.0,0.305523924248,10.0
421,4220.0,0.305834732022,10.0
422,4230.0,0.306145119216,10.0
423,4240.0,0.306455087392,10.0
424,4250.0,0.306764638102,10.0
425,4260.0,0.307073772889,10.0
426,4270.0,0.307382493286,10.0
427,4280.0,0.307690800816,10.0
428,4290.0,0.307998696995,10.0
429,4300.0,0.308306183329,10.0
430,4310.0,0.308613261313,10.0
431,4320.0,0.308919932437,10.0
432,4330.0,0.309226198179,10.0
433,4340.0,0.309532060009,10.0
434,4350.0,0.309837519389,10.0
435,4360.0,0.310142577771,10.0
436,4370.0,0.310447236601,10.0
437,4380.0,0.310751497313,10.0
438,4390.0,0.311055361336,10.0
439,4400.0,0.311358830088,10.0
440,4410.0,0.31166190498,10.0
441,4420.0,0.311964587415,10.0
442,4430.0,0.312266878787,10.0
443,4440.0,0.312568780483,10.0
444,4449.99550894,0.312870158555,9.99550893564
445,4459.98620253,0.313171005136,9.99069359463
446,4469.97209621,0.313471322606,9.98589367996
447,4479.95320531,0.313771113327,9.98110910044
448,4489.92954508,0.314070379645,9.97633976566
449,4499.90113066,0.314369123889,9.971585586
450,4509.86797713,0.314667348371,9.9668464726
451,4519.83009947,0.314965055388,9.96212233735
452,4529.78751257,0.315262247219,9.95741309291
453,4539.74023122,0.315558926127,9.95271865266
454,4549.68827015,0.315855094361,9.94803893072
455,4559.63164399,0.316150754153,9.94337384195
456,4569.57036729,0.316445907718,9.9387233019
457,4579.50445452,0.316740557257,9.93408722686
458,4589.43392005,0.317034704956,9.92946553379
459,4599.35877819,0.317328352986,9.92485814037
460,4609.27904316,0.3176215035,9.92026496496
461,4619.19472908,0.31791415864,9.91568592658
462,4629.10585003,0.318206320532,9.91112094494
463,4639.01241997,0.318497991285,9.90656994042
464,4648.9144528,0.318789172997,9.90203283403
465,4658.81196235,0.31907986775,9.89750954746
466,4668.70496235,0.319370077611,9.89300000302
467,4678.59346648,0.319659804634,9.88850412366
468,4688.47748831,0.31994905086,9.88402183297
469,4698.35704137,0.320237818313,9.87955305515
470,4708.23213908,0.320526109008,9.87509771503
471,4718.10279482,0.320813924941,9.87065573802
472,4727.96902187,0.321101268099,9.86622705017
473,4737.83083345,0.321388140454,9.86181157811
474,4747.6882427,0.321674543965,9.85740924904
475,4757.54126269,0.321960480577,9.85301999077
476,4767.38990642,0.322245952224,9.84864373168
477,4777.23418682,0.322530960824,9.84428040071
478,4787.07411675,0.322815508286,9.83992992739
479,4796.90970899,0.323099596505,9.83559224179
480,4806.74097626,0.323383227362,9.83126727454
481,4816.56793122,0.323666402728,9.82695495681
482,4826.39058644,0.323949124459,9.82265522032
483,4836.20895444,0.324231394402,9.81836799732
484,4846.02304766,0.32451321439,9.81409322061
485,4855.83287848,0.324794586244,9.8098308235
486,4865.63845922,0.325075511775,9.80558073981
487,4875.43980213,0.325355992779,9.8013429039
488,4885.23691938,0.325636031044,9.79711725061
489,4895.02982309,0.325915628344,9.79290371532
490,4904.81852533,0.326194786443,9.78870223389
491,4914.60303807,0.326473507092,9.78451274266
492,4924.38337325,0.326751792033,9.78033517848
493,4934.15954273,0.327029642995,9.77616947868
494,4943.93155831,0.327307061698,9.77201558107
495,4953.69943173,0.327584049849,9.76787342394
496,4963.46317468,0.327860609145,9.76374294602
497,4973.22279876,0.328136741272,9.75962408655
498,4982.97831555,0.328412447907,9.7555167852
499,4992.72973653,0.328687730714,9.75142098211
500,5002.47707315,0.328962591348,9.74733661785
501,5012.22033678,0.329237031454,9.74326363347
502,5021.95953875,0.329511052665,9.73920197044
503,5031.69469032,0.329784656605,9.73515157068
504,5041.4258027,0.330057844889,9.73111237652
505,5051.15288703,0.33033061912,9.72708433075
506,5060.87595441,0.330602980891,9.72306737658
507,5070.59501586,0.330874931788,9.71906145762
508,5080.31008238,0.331146473383,9.71506651792
509,5090.02116488,0.331417607243,9.71108250194
510,5099.72827424,0.331688334921,9.70710935453
511,5109.43142126,0.331958657964,9.70314702096
512,5119.13061671,0.332228577906,9.69919544692
513,5128.82587129,0.332498096277,9.69525457846
514,5138.51719565,0.332767214591,9.69132436204
515,5148.20460039,0.333035934359,9.68740474453
516,5157.88809607,0.333304257078,9.68349567315
517,5167.56769316,0.33357218424,9.67959709552
518,5177.24340212,0.333839717324,9.67570895966
519,5186.91523333,0.334106857804,9.67183121392
520,5196.58319714,0.334373607143,9.66796380706
521,5206.24730383,0.334639966796,9.66410668819
522,5215.90756364,0.334905938208,9.66025980679
523,5225.56398675,0.335171522817,9.6564231127
524,5235.2165833,0.335436722051,9.65259655612
525,5244.86536339,0.335701537332,9.6487800876
526,5254.51033705,0.335965970071,9.64497365804
527,5264.15151427,0.336230021671,9.6411772187
528,5273.78890499,0.336493693529,9.63739072118
529,5283.42251911,0.336756987032,9.6336141174
530,5293.05236647,0.337019903557,9.62984735966
531,5302.67845687,0.337282444478,9.62609040055
532,5312.30080006,0.337544611156,9.62234319303
533,5321.91940575,0.337806404946,9.61860569036
534,5331.5342836,0.338067827196,9.61487784615
535,5341.14544321,0.338328879246,9.61115961432
536,5350.75289416,0.338589562427,9.60745094911
537,5360.35664597,0.338849878062,9.60375180508
538,5369.9567081,0.339109827469,9.60006213711
539,5379.55309,0.339369411956,9.59638190037
540,5389.14580105,0.339628632825,9.59271105037
541,5398.7348506,0.339887491369,9.5890495429
542,5408.32024793,0.340145988875,9.58539733407
543,5417.90200231,0.340404126621,9.58175438028
544,5427.48012295,0.340661905881,9.57812063823
545,5437.05461901,0.340919327918,9.57449606492
546,5446.62549963,0.34117639399,9.57088061764
547,5456.19277389,0.341433105348,9.56727425395
548,5465.75645082,0.341689463235,9.56367693174
549,5475.31653943,0.341945468886,9.56008860915
550,5484.87304867,0.342201123533,9.55650924462
551,5494.42598747,0.342456428397,9.55293879684
552,5503.97536469,0.342711384693,9.54937722482
553,5513.52118918,0.342965993632,9.54582448782
554,5523.06346973,0.343220256415,9.54228054538
555,5532.60221508,0.343474174238,9.53874535729
556,5542.13743397,0.343727748289,9.53521888363
557,5551.66913505,0.343980979752,9.53170108475
558,5561.19732697,0.344233869801,9.52819192124
559,5570.72201833,0.344486419607,9.52469135397
560,5580.24321767,0.344738630332,9.52119934406
561,5589.76093352,0.344990503133,9.51771585288
562,5599.27517437,0.34524203916,9.51424084206
563,5608.78594864,0.345493239557,9.51077427349
564,5618.29326475,0.345744105461,9.5073161093
565,5627.79713106,0.345994638005,9.50386631187
566,5637.2975559,0.346244838314,9.50042484383
567,5646.79454757,0.346494707507,9.49699166803
568,5656.28811432,0.346744246697,9.49356674759
569,5665.77826437,0.346993456991,9.49015004587
570,5675.26500589,0.347242339491,9.48674152643
571,5684.74834705,0.347490895293,9.48334115311
572,5694.22829594,0.347739125485,9.47994888996
573,5703.70486064,0.347987031152,9.47656470125
574,5713.17804919,0.348234613371,9.47318855152
575,5722.64786959,0.348481873215,9.46982040548
576,5732.11432982,0.348728811749,9.46646022812
577,5741.57743781,0.348975430036,9.46310798461
578,5751.03720145,0.349221729129,9.45976364037
579,5760.49362861,0.349467710079,9.45642716104
580,5769.94672712,0.349713373929,9.45309851245
581,5779.39650478,0.349958721719,9.44977766068
582,5788.84296935,0.350203754481,9.44646457199
583,5798.28612857,0.350448473243,9.44315921289
584,5807.72599012,0.350692879027,9.43986155007
585,5817.16256167,0.35093697285,9.43657155044
586,5826.59585085,0.351180755725,9.43328918113
587,5836.02586526,0.351424228657,9.43001440945
588,5845.45261246,0.351667392647,9.42674720292
589,5854.87609999,0.351910248692,9.42348752929
590,5864.29633535,0.352152797783,9.42023535648
591,5873.713326,0.352395040904,9.41699065262
592,5883.12707938,0.352636979038,9.41375338604
593,5892.53760291,0.352878613159,9.41052352524
594,5901.94490395,0.353119944238,9.40730103896
595,5911.34898984,0.353360973241,9.40408589611
596,5920.74986791,0.353601701128,9.40087806576
597,5930.14754543,0.353842128856,9.39767751723
598,5939.54202965,0.354082257374,9.39448421998
599,5948.93332779,0.35432208763,9.39129814368
600,5958.32144705,0.354561620565,9.38811925817
601,5967.70639458,0.354800857115,9.38494753349
602,5977.08817752,0.355039798211,9.38178293985
603,5986.46680297,0.355278444782,9.37862544763
604,5995.842278,0.355516797749,9.37547502743
605,6005.21460965,0.355754858031,9.37233164998
606,6014.58380493,0.35599262654,9.3691952862
607,6023.94987084,0.356230104185,9.36606590722
608,6033.31281433,0.356467291871,9.36294348429
609,6042.67264231,0.356704190496,9.35982798886
610,6052.02936171,0.356940800956,9.35671939256
611,6061.38297937,0.357177124142,9.35361766716
612,6070.73350216,0.35741316094,9.35052278463
613,6080.08093688,0.357648912231,9.34743471709
614,6089.42529031,0.357884378894,9.34435343682
615,6098.76656923,0.358119561801,9.34127891627
616,6108.10478036,0.358354461821,9.33821112807
617,6117.4399304,0.35858907982,9.33515004498
618,6126.77202604,0.358823416656,9.33209563994
619,6136.10107393,0.359057473187,9.32904788605
620,6145.42708068,0.359291250264,9.32600675656
621,6154.75005291,0.359524748736,9.32297222488
622,6164.06999717,0.359757969445,9.31994426457
623,6173.38692002,0.359990913232,9.31692284937
624,6182.70082798,0.360223580932,9.31390795313
625,6192.01172753,0.360455973377,9.31089954989
626,6201.31962514,0.360688091394,9.30789761382
627,6210.62452726,0.360919935806,9.30490211924
628,6219.9264403,0.361151507433,9.30191304063
629,6229.22537065,0.36138280709,9.29893035262
630,6238.52132468,0.36161383559,9.29595402996
631,6247.81430873,0.36184459374,9.29298404757
632,6257.10432911,0.362075082344,9.29002038051
633,6266.39139212,0.362305302202,9.28706300398
634,6275.67550401,0.36253525411,9.28411189332
635,6284.95667103,0.362764938861,9.28116702401
636,6294.2348994,0.362994357243,9.27822837167
637,6303.51019532,0.363223510042,9.27529591207
638,6312.78256494,0.363452398038,9.2723696211
639,6322.05201441,0.36368102201,9.2694494748
640,6331.31854986,0.363909382731,9.26653544934
641,6340.58217738,0.364137480972,9.26362752102
642,6349.84290305,0.364365317499,9.26072566629
643,6359.10073291,0.364592893075,9.25782986171
644,6368.35567299,0.36482020846,9.25494008399
645,6377.6077293,0.36504726441,9.25205630997
646,6386.85690782,0.365274061677,9.2491785166
647,6396.1032145,0.36550060101,9.24630668098
648,6405.34665528,0.365726883154,9.24344078033
649,6414.58723607,0.365952908853,9.240580792
650,6423.82496277,0.366178678843,9.23772669346
651,6433.05984123,0.366404193861,9.23487846231
652,6442.29187731,0.366629454638,9.23203607628
653,6451.52107682,0.366854461902,9.2291995132
654,6460.74744557,0.367079216378,9.22636875104
655,6469.97098934,0.367303718789,9.2235437679
656,6479.19171388,0.367527969853,9.22072454199
657,6488.40962493,0.367751970284,9.21791105164
658,6497.62472821,0.367975720795,9.21510327528
659,6506.8370294,0.368199222095,9.2123011915
660,6516.04653418,0.368422474887,9.20950477898
661,6525.25324819,0.368645479876,9.20671401651
662,6534.45717708,0.36886823776,9.20392888301
663,6543.65832643,0.369090749234,9.20114935751
664,6552.85670185,0.369313014991,9.19837541915
665,6562.0523089,0.369535035722,9.1956070472
666,6571.24515312,0.369756812112,9.19284422102
667,6580.43524004,0.369978344844,9.19008692009
668,6589.62257517,0.3701996346,9.18733512401
669,6598.80716398,0.370420682056,9.18458881247
670,6607.98901194,0.370641487887,9.18184796528
671,6617.16812451,0.370862052764,9.17911256237
672,6626.34450709,0.371082377355,9.17638258376
673,6635.5181651,0.371302462325,9.17365800958
674,6644.68910392,0.371522308337,9.17093882007
675,6653.85732892,0.37174191605,9.16822499558
676,6663.02284543,0.37196128612,9.16551651655
677,6672.1856588,0.372180419201,9.16281336354
678,6681.34577431,0.372399315944,9.1601155172
679,6690.50319727,0.372617976997,9.15742295829
680,6699.65793294,0.372836403004,9.15473566767
681,6708.80998656,0.373054594608,9.1520536263
682,6717.95936338,0.373272552447,9.14937681524
683,6727.1060686,0.373490277159,9.14670521565
684,6736.2501074,0.373707769377,9.14403880879
685,6745.39148498,0.373925029732,9.14137757603
686,6754.53020648,0.374142058853,9.1387214988
687,6763.66627704,0.374358857364,9.13607055867
688,6772.79970178,0.374575425889,9.13342473729
689,6781.93048579,0.374791765047,9.13078401639
690,6791.05863417,0.375007875456,9.12814837781
691,6800.18415197,0.375223757731,9.1255178035
692,6809.30704425,0.375439412484,9.12289227547
693,6818.42731602,0.375654840324,9.12027177584
694,6827.54497231,0.375870041859,9.11765628683
695,6836.6600181,0.376085017691,9.11504579073
696,6845.77245837,0.376299768423,9.11244026995
697,6854.88229808,0.376514294654,9.10983970697
698,6863.98954216,0.376728596981,9.10724408436
699,6873.09419555,0.376942675997,9.10465338478
700,6882.19626314,0.377156532294,9.102067591
701,6891.29574982,0.37737016646,9.09948668584
702,6900.39266048,0.377583579083,9.09691065224
703,6909.48699995,0.377796770745,9.09433947321
704,6918.57877308,0.378009742029,9.09177313186
705,6927.66798469,0.378222493514,9.08921161137
706,6936.75463959,0.378435025775,9.08665489501
707,6945.83874255,0.378647339388,9.08410296613
708,6954.92029836,0.378859434923,9.08155580819
709,6963.99931177,0.379071312951,9.07901340471
710,6973.07578751,0.379282974038,9.07647573928
711,6982.1497303,0.379494418749,9.07394279561
712,6991.22114486,0.379705647645,9.07141455745
713,7000.29003587,0.379916661287,9.06889100867
714,7009.356408,0.380127460233,9.0663721332
715,7018.42026592,0.380338045037,9.06385791505
716,7027.48161426,0.380548416252,9.06134833832
717,7036.54045764,0.38075857443,9.05884338717
718,7045.59680069,0.380968520118,9.05634304586
719,7054.65064799,0.381178253862,9.05384729871
720,7063.70200412,0.381387776207,9.05135613014
721,7072.75087364,0.381597087693,9.04886952463
722,7081.79726111,0.381806188861,9.04638746673
723,7090.84117105,0.382015080247,9.04390994109
724,7099.88260798,0.382223762386,9.04143693242
725,7108.92157641,0.382432235812,9.0389684255
726,7117.95808081,0.382640501054,9.0365044052
727,7126.99212567,0.382848558641,9.03404485645
728,7136.02371543,0.383056409099,9.03158976426
729,7145.05285455,0.383264052953,9.02913911372
730,7154.07954744,0.383471490724,9.02669288999
731,7163.10379852,0.383678722933,9.02425107828
732,7172.12561218,0.383885750097,9.0218136639
733,7181.14499281,0.384092572731,9.01938063223
734,7190.16194478,0.38429919135,9.0169519687
735,7199.17647244,0.384505606464,9.01452765882
736,7208.18858013,0.384711818584,9.01210768819
737,7217.19827217,0.384917828217,9.00969204245
738,7226.20555288,0.385123635867,9.00728070732
739,7235.21042655,0.38532924204,9.0048736686
740,7244.21289746,0.385534647235,9.00247091214
741,7253.21296988,0.385739851952,9.00007242387
742,7262.21064807,0.385944856689,8.99767818978
743,7271.20593627,0.386149661941,8.99528819594
744,7280.1988387,0.386354268201,8.99290242847
745,7289.18935957,0.386558675961,8.99052087356
746,7298.17750309,0.38676288571,8.98814351748
747,7307.16327343,0.386966897936,8.98577034655
748,7316.14667478,0.387170713125,8.98340134715
749,7325.12771129,0.387374331759,8.98103650575
750,7334.1063871,0.387577754322,8.97867580885
751,7343.08270634,0.387780981293,8.97631924305
752,7352.05667313,0.387984013149,8.97396679498
753,7361.02829158,0.388186850368,8.97161845136
754,7369.99756578,0.388389493423,8.96927419895
755,7378.96449981,0.388591942787,8.96693402459
756,7387.92909772,0.388794198931,8.96459791518
757,7396.89136358,0.388996262322,8.96226585766
758,7405.85130142,0.389198133429,8.95993783906
759,7414.80891527,0.389399812716,8.95761384644
760,7423.76420913,0.389601300647,8.95529386696
761,7432.71718702,0.389802597683,8.95297788781
762,7441.66785292,0.390003704284,8.95066589624
763,7450.6162108,0.390204620907,8.94835787957
764,7459.56226462,0.390405348009,8.94605382518
765,7468.50601834,0.390605886045,8.9437537205
766,7477.4474759,0.390806235467,8.94145755302
767,7486.38664121,0.391006396726,8.93916531028
768,7495.32351819,0.391206370271,8.93687697991
769,7504.25811074,0.39140615655,8.93459254956
770,7513.19042274,0.391605756008,8.93231200694
771,7522.12045808,0.39180516909,8.93003533985
772,7531.04822062,0.392004396237,8.92776253611
773,7539.9737142,0.392203437892,8.9254935836
774,7548.89694267,0.392402294492,8.92322847028
775,7557.81790986,0.392600966475,8.92096718414
776,7566.73661957,0.392799454277,8.91870971323
777,7575.65307562,0.392997758331,8.91645604567
778,7584.56728178,0.393195879071,8.91420616961
779,7593.47924186,0.393393816927,8.91196007328
780,7602.3889596,0.393591572327,8.90971774493
781,7611.29643878,0.393789145701,8.90747917289
782,7620.20167778,0.393986537354,8.90523900171
783,7629.10467711,0.39418374764,8.90299933724
784,7638.00544151,0.394380777005,8.90076439054
785,7646.90397591,0.394577625898,8.8985344066
786,7655.80028492,0.394774294757,8.89630900574
787,7664.69437229,0.394970784003,8.89408737613
788,7673.58624098,0.395167094037,8.89186868392
789,7682.47589347,0.395363225248,8.88965249155
790,7691.36333244,0.395559178027,8.88743897133
791,7700.24856125,0.395754952781,8.88522880702
792,7709.13158408,0.395950549933,8.8830228361
793,7718.0124057,0.396145969917,8.88082161722
794,7726.89103084,0.396341213165,8.8786251435
795,7735.76746369,0.396536280096,8.87643284542
796,7744.64170757,0.396731171109,8.87424387904
797,7753.51376512,0.396925886586,8.87205755047
798,7762.38363878,0.397120426904,8.86987366053
799,7771.25133138,0.397314792447,8.86769259591
800,7780.1168465,0.397508983616,8.86551512288
801,7788.98018849,0.397703000824,8.86334199067
802,7797.84136204,0.397896844493,8.86117354683
803,7806.7003716,0.398090515038,8.85900955932
804,7815.55722093,0.398284012858,8.85684933362
805,7824.41191299,0.398477338332,8.85469206255
806,7833.26445022,0.398670491826,8.85253722957
807,7842.11483508,0.398863473709,8.85038486153
808,7850.96307059,0.399056284357,8.84823550522
809,7859.80916053,0.399248924163,8.84608994206
810,7868.65310932,0.399441393534,8.84394878661
811,7877.49492149,0.399633692876,8.84181217245
812,7886.33460117,0.399825822585,8.83967968352
813,7895.17215174,0.400017783042,8.83755056369
814,7904.00757583,0.400209574609,8.83542409563
815,7912.84087579,0.40040119764,8.83329995634
816,7921.67205416,0.400592652494,8.83117837085
817,7930.50111415,0.400783939541,8.82905998946
818,7939.3280597,0.400975059169,8.82694555238
819,7948.15289521,0.401166011771,8.82483551167
820,7956.97562501,0.40135679774,8.82272980097
821,7965.79625288,0.401547417455,8.82062786821
822,7974.61478183,0.401737871277,8.8185289524
823,7983.4312143,0.401928159555,8.81643246264
824,7992.24555256,0.402118282632,8.81433826798
825,8001.05779932,0.402308240858,8.8122467542
826,8009.86795794,0.4024980346,8.81015862136
827,8018.67603247,0.402687664236,8.80807452562
828,8027.48202721,0.402877130148,8.80599474569
829,8036.28594625,0.403066432713,8.80391904119
830,8045.08779303,0.403255572293,8.80184677278
831,8053.88757025,0.403444549234,8.79977722105
832,8062.68528019,0.40363336387,8.79770994244
833,8071.48092517,0.403822016536,8.79564498381
834,8080.27450802,0.404010507578,8.79358285017
835,8089.06603227,0.404198837353,8.79152424405
836,8097.85550198,0.404387006231,8.78946970817
837,8106.64292133,0.404575014582,8.78741935088
838,8115.42829412,0.404762862769,8.78537279087
839,8124.21162346,0.404950551136,8.78332934703
840,8132.99291184,0.405138080014,8.78128837635
841,8141.77216143,0.405325449728,8.77924958981
842,8150.54937462,0.405512660604,8.77721318893
843,8159.32455438,0.405699712982,8.77517975681
844,8168.09770434,0.405886607213,8.77314995991
845,8176.86882855,0.406073343656,8.77112421097
846,8185.63793101,0.40625992267,8.76910246118
847,8194.40501523,0.4064463446,8.76708422374
848,8203.17008405,0.406632609777,8.76506881521
849,8211.93313974,0.40681871852,8.76305569264
850,8220.69418446,0.407004671142,8.7610447181
851,8229.45322068,0.407190467964,8.7590362197
852,8238.2102515,0.407376109319,8.75703082026
853,8246.96528062,0.407561595551,8.7550291212
854,8255.71831202,0.407746927009,8.75303139988
855,8264.46934949,0.407932104039,8.75103747042
856,8273.21839626,0.408117126971,8.74904677529
857,8281.96545493,0.408301996122,8.74705866047
858,8290.71052762,0.408486711799,8.74507269634
859,8299.45361651,0.408671274309,8.74308888485
860,8308.19472416,0.408855683966,8.74110765085
861,8316.93385378,0.409039941095,8.73912962388
862,8325.6710091,0.409224046034,8.73715532062
863,8334.40619399,0.409407999121,8.73518488612
864,8343.13941201,0.409591800687,8.73321802108
865,8351.87066614,0.409775451051,8.73125412906
866,8360.59995875,0.409958950516,8.72929260964
867,8369.3272919,0.41014229938,8.72733315121
868,8378.05266778,0.410325497941,8.72537587884
869,8386.77608906,0.410508546507,8.72342128495
870,8395.49755904,0.4106914454,8.72146997902
871,8404.21708142,0.410874194945,8.71952238186
872,8412.93465994,0.411056795472,8.71757851566
873,8421.65029793,0.411239247299,8.71563799226
874,8430.36399814,0.411421550731,8.71370020378
875,8439.07576276,0.41160370606,8.71176462
876,8447.7855938,0.411785713576,8.70983104524
877,8456.49349351,0.411967573569,8.70789970822
878,8465.19946465,0.412149286343,8.7059711422
879,8473.90351057,0.412330852211,8.70404591619
880,8482.60563492,0.412512271491,8.70212435089
881,8491.30584128,0.412693544501,8.70020635908
882,8500.00413276,0.412874671548,8.69829148788
883,8508.70051191,0.413055652922,8.69637914044
884,8517.39498077,0.413236488909,8.69446886666
885,8526.08754135,0.413417179788,8.69256057937
886,8534.77819594,0.413597725844,8.69065459054
887,8543.46694739,0.413778127375,8.68875145132
888,8552.15379907,0.413958384686,8.68685167603
889,8560.83875456,0.414138498089,8.68495548646
890,8569.52181726,0.414318467888,8.68306270157
891,8578.20299008,0.414498294378,8.68117282579
892,8586.88227537,0.414677977841,8.67928529078
893,8595.5596751,0.414857518551,8.67739973082
894,8604.23519126,0.415036916781,8.67551615659
895,8612.9088262,0.41521617281,8.67363494342
896,8621.58058285,0.41539528693,8.67175664137
897,8630.25046455,0.415574259439,8.66988170119
898,8638.9184748,0.41575309064,8.66801025102
899,8647.58461683,0.415931780825,8.66614203255
900,8656.24889336,0.41611033028,8.66427652684
901,8664.91130656,0.416288739276,8.66241320646
902,8673.57185835,0.416467008077,8.66055178969
903,8682.23055073,0.416645136951,8.6586923726
904,8690.8873861,0.416823126172,8.65683537578
905,8699.54236744,0.417000976025,8.65498133331
906,8708.19549806,0.417178686801,8.65313062793
907,8716.84678137,0.417356258792,8.65128330207
908,8725.4962204,0.417533692283,8.64943903636
909,8734.14381771,0.417710987546,8.64759730466
910,8742.78957534,0.417888144845,8.6457576286
911,8751.43349514,0.418065164437,8.64391980678
912,8760.07557915,0.418242046581,8.64208400736
913,8768.71582983,0.418418791548,8.64025068016
914,8777.35425016,0.418595399615,8.6384203323
915,8785.99084344,0.418771871067,8.63659327783
916,8794.62561292,0.418948206186,8.63476948318
917,8803.25856151,0.419124405247,8.63294858289
918,8811.88969156,0.419300468514,8.63113005641
919,8820.51900504,0.41947639624,8.62931347881
920,8829.14650376,0.419652188675,8.62749872317
921,8837.77218978,0.419827846075,8.62568601677
922,8846.39606561,0.420003368702,8.62387582493
923,8855.01813423,0.42017875683,8.62206862027
924,8863.63839888,0.420354010734,8.62026465022
925,8872.25686269,0.420529130688,8.6184638157
926,8880.87352841,0.420704116958,8.61666571857
927,8889.48839826,0.420878969797,8.61486985355
928,8898.10147411,0.421053689452,8.61307585056
929,8906.71275776,0.421228276167,8.61128364981
930,8915.32225129,0.42140273019,8.6094935254
931,8923.92995724,0.42157705178,8.60770594707
932,8932.53587859,0.421751241202,8.6059213484
933,8941.1400185,0.421925298725,8.60413991437
934,8949.74237999,0.422099224616,8.60236149078
935,8958.34296565,0.422273019129,8.60058565827
936,8966.94177758,0.42244668251,8.59881193375
937,8975.53881758,0.422620214998,8.59704000115
938,8984.13408744,0.422793616831,8.5952698598
939,8992.72758926,0.422966888253,8.59350181943
940,9001.31932561,0.423140029516,8.59173634543
